Handle,Title,Body (HTML),Vendor,Type,Tags,Published,Option1 Name,Option1 Value,Option2 Name,Option2 Value,Option3 Name,Option3 Value,Variant SKU,Variant Grams,Variant Inventory Tracker,Variant Inventory Qty,Variant Inventory Policy,Variant Fulfillment Service,Variant Price,Variant Compare At Price,Variant Requires Shipping,Variant Taxable,Variant Barcode,Image Src,Image Position
emma-boys-lonely-ranger-acrylic-box,Emma Boys Lonely Ranger Acrylic Box,,DENY Emma Boys,Acrylic Box,"Emma Boys Lonely Ranger Acrylic Box,,at:lonely-ranger,ar:emma-boys,new-art,pc:Cream,sc:red,st:Modern,th:Western,ty:typography,accessories,pmc:accessories,acrylic-box,pro:acrylic-box,live,nonexclusive",TRUE,Product,Storage Box,Size,"4"" x 4""",,,80342-acrsmb,15422.128,,0,deny,manual,34.0,34.0,TRUE,TRUE,80342-acrsmb,http://assets.denydesigns.com/web-assets/acrylic-box/emma-boys-lonely-ranger-acrylic-box-perspective.jpg,
emma-boys-lonely-ranger-acrylic-box,,,,,,,,,,,,,,,,,,,,,,,,http://assets.denydesigns.com/web-assets/acrylic-box/emma-boys-lonely-ranger-acrylic-box-perspective-b.jpg
emma-boys-lonely-ranger-acrylic-box,,,,,,,,,,,,,,,,,,,,,,,,http://assets.denydesigns.com/web-assets/acrylic-box/emma-boys-lonely-ranger-acrylic-box-front.jpg
emma-boys-lonely-ranger-acrylic-box,,,,,,,,,,,,,,,,,,,,,,,,http://assets.denydesigns.com/web-assets/acrylic-box/emma-boys-lonely-ranger-acrylic-box-lifestyle.jpg
emma-boys-lonely-ranger-acrylic-tray,Emma Boys Lonely Ranger Acrylic Tray,,DENY Emma Boys,Acrylic Tray,"Emma Boys Lonely Ranger Acrylic Tray,,at:lonely-ranger,ar:emma-boys,new-art,pc:Cream,sc:red,st:Modern,th:Western,ty:typography,accessories,pmc:accessories,acrylic-tray,pro:acrylic-tray,live,nonexclusive",TRUE,Size,Medium,,,,,80342-acrmdt,22226.008,,0,deny,manual,49.0,49.0,TRUE,TRUE,80342-acrmdt,http://assets.denydesigns.com/web-assets/acrylic-tray/emma-boys-lonely-ranger-medium-acrylic-tray-perspective.jpg,
emma-boys-lonely-ranger-acrylic-tray,Emma Boys Lonely Ranger Acrylic Tray,,DENY Emma Boys,Acrylic Tray,"Emma Boys Lonely Ranger Acrylic Tray,,at:lonely-ranger,ar:emma-boys,new-art,pc:Cream,sc:red,st:Modern,th:Western,ty:typography,accessories,pmc:accessories,acrylic-tray,pro:acrylic-tray,live,nonexclusive",TRUE,Size,Small,,,,,80342-acrsmt,13154.168,,0,deny,manual,29.0,29.0,TRUE,TRUE,80342-acrsmt,http://assets.denydesigns.com/web-assets/acrylic-tray/emma-boys-lonely-ranger-small-acrylic-tray-perspective.jpg,
emma-boys-lonely-ranger-acrylic-tray,,,,,,,,,,,,,,,,,,,,,,,,http://assets.denydesigns.com/web-assets/acrylic-tray/emma-boys-lonely-ranger-medium-acrylic-tray-front-view.jpg
emma-boys-lonely-ranger-acrylic-tray,,,,,,,,,,,,,,,,,,,,,,,,http://assets.denydesigns.com/web-assets/acrylic-tray/emma-boys-lonely-ranger-small-acrylic-tray-front-view.jpg
emma-boys-lonely-ranger-acrylic-tray,,,,,,,,,,,,,,,,,,,,,,,,http://assets.denydesigns.com/web-assets/acrylic-tray/emma-boys-lonely-ranger-medium-acrylic-tray-close-up.jpg
emma-boys-lonely-ranger-acrylic-tray,,,,,,,,,,,,,,,,,,,,,,,,http://assets.denydesigns.com/web-assets/acrylic-tray/emma-boys-lonely-ranger-small-acrylic-tray-close-up.jpg
emma-boys-lonely-ranger-acrylic-tray,,,,,,,,,,,,,,,,,,,,,,,,http://assets.denydesigns.com/web-assets/acrylic-tray/emma-boys-lonely-ranger-medium-acrylic-tray-lifestyle.jpg
emma-boys-lonely-ranger-acrylic-tray,,,,,,,,,,,,,,,,,,,,,,,,http://assets.denydesigns.com/web-assets/acrylic-tray/emma-boys-lonely-ranger-small-acrylic-tray-lifestyle.jpg
emma-boys-lonely-ranger-cutting-board-rectangle,Emma Boys Lonely Ranger Cutting Board Rectangle,,DENY Emma Boys,Cutting Board Rectangle,"Emma Boys Lonely Ranger Cutting Board Rectangle,,at:lonely-ranger,ar:emma-boys,new-art,pc:Cream,sc:red,st:Modern,th:Western,ty:typography,accessories,pmc:accessories,cutting-boards,pro:cutting-boards,coupon,coupon2,live,nonexclusive",TRUE,Style,"Rectangle 10.5"" x 16""",,,,,80342-cbdrec,17690.088,,0,deny,manual,39.0,39.0,TRUE,TRUE,80342-cbdrec,http://assets.denydesigns.com/web-assets/cutting-board-rectangle/emma-boys-lonely-ranger-cutting-board-rectangle-white-background.jpg,
emma-boys-lonely-ranger-cutting-board-rectangle,,,,,,,,,,,,,,,,,,,,,,,,http://assets.denydesigns.com/web-assets/cutting-board-rectangle/emma-boys-lonely-ranger-cutting-board-rectangle.jpg
emma-boys-lonely-ranger-cutting-board-rectangle,,,,,,,,,,,,,,,,,,,,,,,,http://assets.denydesigns.com/web-assets/cutting-board-rectangle/emma-boys-lonely-ranger-cutting-board-rectangle-lifestyle.jpg
emma-boys-lonely-ranger-comforter,Emma Boys Lonely Ranger Comforter,,DENY Emma Boys,Comforter,"Emma Boys Lonely Ranger Comforter,DENY Designs,at:lonely-ranger,ar:emma-boys,new-art,pc:Cream,sc:red,st:Modern,th:Western,ty:typography,bed-bath,comforters,pmc:bed-bath,pro:comforter,live,nonexclusive",TRUE,Material,Cotton,Size,Queen,Product,Comforter Only,80342-ccwqun,122016.248,,0,deny,manual,269.0,269.0,TRUE,TRUE,80342-ccwqun,http://assets.denydesigns.com/web-assets/comforter/emma-boys-lonely-ranger-comforter-queen-whitebg.jpg,
emma-boys-lonely-ranger-comforter,Emma Boys Lonely Ranger Comforter,,DENY Emma Boys,Comforter,"Emma Boys Lonely Ranger Comforter,DENY Designs,at:lonely-ranger,ar:emma-boys,new-art,pc:Cream,sc:red,st:Modern,th:Western,ty:typography,bed-bath,comforters,pmc:bed-bath,pro:comforter,live,nonexclusive",TRUE,Material,Cotton,Size,Twin,Product,Comforter Only,80342-ccwtwi,103872.568,,0,deny,manual,229.0,229.0,TRUE,TRUE,80342-ccwtwi,http://assets.denydesigns.com/web-assets/comforter/emma-boys-lonely-ranger-comforter-queen-lifestyle-side.jpg,
emma-boys-lonely-ranger-comforter,Emma Boys Lonely Ranger Comforter,,DENY Emma Boys,Comforter,"Emma Boys Lonely Ranger Comforter,DENY Designs,at:lonely-ranger,ar:emma-boys,new-art,pc:Cream,sc:red,st:Modern,th:Western,ty:typography,bed-bath,comforters,pmc:bed-bath,pro:comforter,live,nonexclusive",TRUE,Material,Cotton,Size,Twin XL,Product,Comforter Only,80342-ccwtxl,108408.488,,0,deny,manual,239.0,239.0,TRUE,TRUE,80342-ccwtxl,http://assets.denydesigns.com/web-assets/comforter/emma-boys-lonely-ranger-comforter-queen-lifestyle-front.jpg,
emma-boys-lonely-ranger-comforter,Emma Boys Lonely Ranger Comforter,,DENY Emma Boys,Comforter,"Emma Boys Lonely Ranger Comforter,DENY Designs,at:lonely-ranger,ar:emma-boys,new-art,pc:Cream,sc:red,st:Modern,th:Western,ty:typography,bed-bath,comforters,pmc:bed-bath,pro:comforter,live,nonexclusive",TRUE,Material,Cotton,Size,Full,Product,Comforter Only,80342-ccwful,117480.328,,0,deny,manual,259.0,259.0,TRUE,TRUE,80342-ccwful,http://assets.denydesigns.com/web-assets/comforter/emma-boys-lonely-ranger-comforter-twin-whitebg.jpg,
emma-boys-lonely-ranger-comforter,Emma Boys Lonely Ranger Comforter,,DENY Emma Boys,Comforter,"Emma Boys Lonely Ranger Comforter,DENY Designs,at:lonely-ranger,ar:emma-boys,new-art,pc:Cream,sc:red,st:Modern,th:Western,ty:typography,bed-bath,comforters,pmc:bed-bath,pro:comforter,live,nonexclusive",TRUE,Material,Cotton,Size,King,Product,Comforter Only,80342-ccwkin,135624.008,,0,deny,manual,299.0,299.0,TRUE,TRUE,80342-ccwkin,http://assets.denydesigns.com/web-assets/comforter/emma-boys-lonely-ranger-comforter-twin-lifestyle-side.jpg,
emma-boys-lonely-ranger-comforter,Emma Boys Lonely Ranger Comforter,,DENY Emma Boys,Comforter,"Emma Boys Lonely Ranger Comforter,DENY Designs,at:lonely-ranger,ar:emma-boys,new-art,pc:Cream,sc:red,st:Modern,th:Western,ty:typography,bed-bath,comforters,pmc:bed-bath,pro:comforter,live,nonexclusive",TRUE,Material,Polyester,Size,Twin,Product,Comforter Only,80342-cmwtwi,81192.968,,0,deny,manual,179.0,179.0,TRUE,TRUE,80342-cmwtwi,http://assets.denydesigns.com/web-assets/comforter/emma-boys-lonely-ranger-comforter-twin-lifestyle-front.jpg,
emma-boys-lonely-ranger-comforter,Emma Boys Lonely Ranger Comforter,,DENY Emma Boys,Comforter,"Emma Boys Lonely Ranger Comforter,DENY Designs,at:lonely-ranger,ar:emma-boys,new-art,pc:Cream,sc:red,st:Modern,th:Western,ty:typography,bed-bath,comforters,pmc:bed-bath,pro:comforter,live,nonexclusive",TRUE,Material,Polyester,Size,Twin XL,Product,Comforter Only,80342-cmwtxl,85728.888,,0,deny,manual,189.0,189.0,TRUE,TRUE,80342-cmwtxl,http://assets.denydesigns.com/web-assets/comforter/emma-boys-lonely-ranger-comforter-twinxl-whitebg.jpg,
emma-boys-lonely-ranger-comforter,Emma Boys Lonely Ranger Comforter,,DENY Emma Boys,Comforter,"Emma Boys Lonely Ranger Comforter,DENY Designs,at:lonely-ranger,ar:emma-boys,new-art,pc:Cream,sc:red,st:Modern,th:Western,ty:typography,bed-bath,comforters,pmc:bed-bath,pro:comforter,live,nonexclusive",TRUE,Material,Polyester,Size,Full,Product,Comforter Only,80342-cmwful,90264.808,,0,deny,manual,199.0,199.0,TRUE,TRUE,80342-cmwful,http://assets.denydesigns.com/web-assets/comforter/emma-boys-lonely-ranger-comforter-twinxl-lifestyle-side.jpg,
emma-boys-lonely-ranger-comforter,Emma Boys Lonely Ranger Comforter,,DENY Emma Boys,Comforter,"Emma Boys Lonely Ranger Comforter,DENY Designs,at:lonely-ranger,ar:emma-boys,new-art,pc:Cream,sc:red,st:Modern,th:Western,ty:typography,bed-bath,comforters,pmc:bed-bath,pro:comforter,live,nonexclusive",TRUE,Material,Polyester,Size,Queen,Product,Comforter Only,80342-cmwqun,94800.728,,0,deny,manual,209.0,209.0,TRUE,TRUE,80342-cmwqun,http://assets.denydesigns.com/web-assets/comforter/emma-boys-lonely-ranger-comforter-twinxl-lifestyle-front.jpg,
emma-boys-lonely-ranger-comforter,Emma Boys Lonely Ranger Comforter,,DENY Emma Boys,Comforter,"Emma Boys Lonely Ranger Comforter,DENY Designs,at:lonely-ranger,ar:emma-boys,new-art,pc:Cream,sc:red,st:Modern,th:Western,ty:typography,bed-bath,comforters,pmc:bed-bath,pro:comforter,live,nonexclusive",TRUE,Material,Polyester,Size,King,Product,Comforter Only,80342-cmwkin,103872.568,,0,deny,manual,229.0,229.0,TRUE,TRUE,80342-cmwkin,http://assets.denydesigns.com/web-assets/comforter/emma-boys-lonely-ranger-comforter-full-whitebg.jpg,
emma-boys-lonely-ranger-comforter,Emma Boys Lonely Ranger Comforter,,DENY Emma Boys,Comforter,"Emma Boys Lonely Ranger Comforter,DENY Designs,at:lonely-ranger,ar:emma-boys,new-art,pc:Cream,sc:red,st:Modern,th:Western,ty:typography,bed-bath,comforters,pmc:bed-bath,pro:comforter,live,nonexclusive",TRUE,Material,Cotton,Size,Queen,Product,Comforter + Pillow Sham(s),80342-ccsqun,140159.928,,0,deny,manual,309.0,309.0,TRUE,TRUE,80342-ccsqun,http://assets.denydesigns.com/web-assets/comforter/emma-boys-lonely-ranger-comforter-full-lifestyle-side.jpg,
emma-boys-lonely-ranger-comforter,Emma Boys Lonely Ranger Comforter,,DENY Emma Boys,Comforter,"Emma Boys Lonely Ranger Comforter,DENY Designs,at:lonely-ranger,ar:emma-boys,new-art,pc:Cream,sc:red,st:Modern,th:Western,ty:typography,bed-bath,comforters,pmc:bed-bath,pro:comforter,live,nonexclusive",TRUE,Material,Cotton,Size,Twin,Product,Comforter + Pillow Sham(s),80342-ccstwi,117480.328,,0,deny,manual,259.0,259.0,TRUE,TRUE,80342-ccstwi,http://assets.denydesigns.com/web-assets/comforter/emma-boys-lonely-ranger-comforter-full-lifestyle-front.jpg,
emma-boys-lonely-ranger-comforter,Emma Boys Lonely Ranger Comforter,,DENY Emma Boys,Comforter,"Emma Boys Lonely Ranger Comforter,DENY Designs,at:lonely-ranger,ar:emma-boys,new-art,pc:Cream,sc:red,st:Modern,th:Western,ty:typography,bed-bath,comforters,pmc:bed-bath,pro:comforter,live,nonexclusive",TRUE,Material,Cotton,Size,Twin XL,Product,Comforter + Pillow Sham(s),80342-ccstxl,122016.248,,0,deny,manual,269.0,269.0,TRUE,TRUE,80342-ccstxl,http://assets.denydesigns.com/web-assets/comforter/emma-boys-lonely-ranger-comforter-king-whitebg.jpg,
emma-boys-lonely-ranger-comforter,Emma Boys Lonely Ranger Comforter,,DENY Emma Boys,Comforter,"Emma Boys Lonely Ranger Comforter,DENY Designs,at:lonely-ranger,ar:emma-boys,new-art,pc:Cream,sc:red,st:Modern,th:Western,ty:typography,bed-bath,comforters,pmc:bed-bath,pro:comforter,live,nonexclusive",TRUE,Material,Cotton,Size,Full,Product,Comforter + Pillow Sham(s),80342-ccsful,135624.008,,0,deny,manual,299.0,299.0,TRUE,TRUE,80342-ccsful,http://assets.denydesigns.com/web-assets/comforter/emma-boys-lonely-ranger-comforter-king-lifestyle-side.jpg,
emma-boys-lonely-ranger-comforter,Emma Boys Lonely Ranger Comforter,,DENY Emma Boys,Comforter,"Emma Boys Lonely Ranger Comforter,DENY Designs,at:lonely-ranger,ar:emma-boys,new-art,pc:Cream,sc:red,st:Modern,th:Western,ty:typography,bed-bath,comforters,pmc:bed-bath,pro:comforter,live,nonexclusive",TRUE,Material,Cotton,Size,King,Product,Comforter + Pillow Sham(s),80342-ccskin,158303.608,,0,deny,manual,349.0,349.0,TRUE,TRUE,80342-ccskin,http://assets.denydesigns.com/web-assets/comforter/emma-boys-lonely-ranger-comforter-king-lifestyle-front.jpg,
emma-boys-lonely-ranger-comforter,Emma Boys Lonely Ranger Comforter,,DENY Emma Boys,Comforter,"Emma Boys Lonely Ranger Comforter,DENY Designs,at:lonely-ranger,ar:emma-boys,new-art,pc:Cream,sc:red,st:Modern,th:Western,ty:typography,bed-bath,comforters,pmc:bed-bath,pro:comforter,live,nonexclusive",TRUE,Material,Polyester,Size,Twin,Product,Comforter + Pillow Sham(s),80342-cmwtsh,90264.808,,0,deny,manual,199.0,199.0,TRUE,TRUE,80342-cmwtsh,,
emma-boys-lonely-ranger-comforter,Emma Boys Lonely Ranger Comforter,,DENY Emma Boys,Comforter,"Emma Boys Lonely Ranger Comforter,DENY Designs,at:lonely-ranger,ar:emma-boys,new-art,pc:Cream,sc:red,st:Modern,th:Western,ty:typography,bed-bath,comforters,pmc:bed-bath,pro:comforter,live,nonexclusive",TRUE,Material,Polyester,Size,Twin XL,Product,Comforter + Pillow Sham(s),80342-cmstxl,94800.728,,0,deny,manual,209.0,209.0,TRUE,TRUE,80342-cmstxl,,
emma-boys-lonely-ranger-comforter,Emma Boys Lonely Ranger Comforter,,DENY Emma Boys,Comforter,"Emma Boys Lonely Ranger Comforter,DENY Designs,at:lonely-ranger,ar:emma-boys,new-art,pc:Cream,sc:red,st:Modern,th:Western,ty:typography,bed-bath,comforters,pmc:bed-bath,pro:comforter,live,nonexclusive",TRUE,Material,Polyester,Size,Full,Product,Comforter + Pillow Sham(s),80342-cmsful,103872.568,,0,deny,manual,229.0,229.0,TRUE,TRUE,80342-cmsful,,
emma-boys-lonely-ranger-comforter,Emma Boys Lonely Ranger Comforter,,DENY Emma Boys,Comforter,"Emma Boys Lonely Ranger Comforter,DENY Designs,at:lonely-ranger,ar:emma-boys,new-art,pc:Cream,sc:red,st:Modern,th:Western,ty:typography,bed-bath,comforters,pmc:bed-bath,pro:comforter,live,nonexclusive",TRUE,Material,Polyester,Size,Queen,Product,Comforter + Pillow Sham(s),80342-cmwqsh,108408.488,,0,deny,manual,239.0,239.0,TRUE,TRUE,80342-cmwqsh,,
emma-boys-lonely-ranger-comforter,Emma Boys Lonely Ranger Comforter,,DENY Emma Boys,Comforter,"Emma Boys Lonely Ranger Comforter,DENY Designs,at:lonely-ranger,ar:emma-boys,new-art,pc:Cream,sc:red,st:Modern,th:Western,ty:typography,bed-bath,comforters,pmc:bed-bath,pro:comforter,live,nonexclusive",TRUE,Material,Polyester,Size,King,Product,Comforter + Pillow Sham(s),80342-cmwksh,117480.328,,0,deny,manual,259.0,259.0,TRUE,TRUE,80342-cmwksh,,
emma-boys-lonely-ranger-comforter,Emma Boys Lonely Ranger Comforter,,DENY Emma Boys,Comforter,"Emma Boys Lonely Ranger Comforter,DENY Designs,at:lonely-ranger,ar:emma-boys,new-art,pc:Cream,sc:red,st:Modern,th:Western,ty:typography,bed-bath,comforters,pmc:bed-bath,pro:comforter,live,nonexclusive",TRUE,Material,Cotton,Size,Queen,Product,Bed in a Bag Set,80342-bbcoqu,162839.528,,0,deny,manual,359.0,359.0,TRUE,TRUE,80342-bbcoqu,,
emma-boys-lonely-ranger-comforter,Emma Boys Lonely Ranger Comforter,,DENY Emma Boys,Comforter,"Emma Boys Lonely Ranger Comforter,DENY Designs,at:lonely-ranger,ar:emma-boys,new-art,pc:Cream,sc:red,st:Modern,th:Western,ty:typography,bed-bath,comforters,pmc:bed-bath,pro:comforter,live,nonexclusive",TRUE,Material,Cotton,Size,Twin,Product,Bed in a Bag Set,80342-bbcotw,135624.008,,0,deny,manual,299.0,299.0,TRUE,TRUE,80342-bbcotw,,
emma-boys-lonely-ranger-comforter,Emma Boys Lonely Ranger Comforter,,DENY Emma Boys,Comforter,"Emma Boys Lonely Ranger Comforter,DENY Designs,at:lonely-ranger,ar:emma-boys,new-art,pc:Cream,sc:red,st:Modern,th:Western,ty:typography,bed-bath,comforters,pmc:bed-bath,pro:comforter,live,nonexclusive",TRUE,Material,Cotton,Size,Twin XL,Product,Bed in a Bag Set,80342-bbcoxl,140159.928,,0,deny,manual,309.0,309.0,TRUE,TRUE,80342-bbcoxl,,
emma-boys-lonely-ranger-comforter,Emma Boys Lonely Ranger Comforter,,DENY Emma Boys,Comforter,"Emma Boys Lonely Ranger Comforter,DENY Designs,at:lonely-ranger,ar:emma-boys,new-art,pc:Cream,sc:red,st:Modern,th:Western,ty:typography,bed-bath,comforters,pmc:bed-bath,pro:comforter,live,nonexclusive",TRUE,Material,Cotton,Size,Full,Product,Bed in a Bag Set,80342-bbcofu,158303.608,,0,deny,manual,349.0,349.0,TRUE,TRUE,80342-bbcofu,,
emma-boys-lonely-ranger-comforter,Emma Boys Lonely Ranger Comforter,,DENY Emma Boys,Comforter,"Emma Boys Lonely Ranger Comforter,DENY Designs,at:lonely-ranger,ar:emma-boys,new-art,pc:Cream,sc:red,st:Modern,th:Western,ty:typography,bed-bath,comforters,pmc:bed-bath,pro:comforter,live,nonexclusive",TRUE,Material,Cotton,Size,King,Product,Bed in a Bag Set,80342-bbcoki,180983.208,,0,deny,manual,399.0,399.0,TRUE,TRUE,80342-bbcoki,,
emma-boys-lonely-ranger-comforter,Emma Boys Lonely Ranger Comforter,,DENY Emma Boys,Comforter,"Emma Boys Lonely Ranger Comforter,DENY Designs,at:lonely-ranger,ar:emma-boys,new-art,pc:Cream,sc:red,st:Modern,th:Western,ty:typography,bed-bath,comforters,pmc:bed-bath,pro:comforter,live,nonexclusive",TRUE,Material,Polyester,Size,Twin,Product,Bed in a Bag Set,80342-bbpctw,103872.568,,0,deny,manual,229.0,229.0,TRUE,TRUE,80342-bbpctw,,
emma-boys-lonely-ranger-comforter,Emma Boys Lonely Ranger Comforter,,DENY Emma Boys,Comforter,"Emma Boys Lonely Ranger Comforter,DENY Designs,at:lonely-ranger,ar:emma-boys,new-art,pc:Cream,sc:red,st:Modern,th:Western,ty:typography,bed-bath,comforters,pmc:bed-bath,pro:comforter,live,nonexclusive",TRUE,Material,Polyester,Size,Twin XL,Product,Bed in a Bag Set,80342-bbpcxl,108408.488,,0,deny,manual,239.0,239.0,TRUE,TRUE,80342-bbpcxl,,
emma-boys-lonely-ranger-comforter,Emma Boys Lonely Ranger Comforter,,DENY Emma Boys,Comforter,"Emma Boys Lonely Ranger Comforter,DENY Designs,at:lonely-ranger,ar:emma-boys,new-art,pc:Cream,sc:red,st:Modern,th:Western,ty:typography,bed-bath,comforters,pmc:bed-bath,pro:comforter,live,nonexclusive",TRUE,Material,Polyester,Size,Full,Product,Bed in a Bag Set,80342-bbpcfu,126552.168,,0,deny,manual,279.0,279.0,TRUE,TRUE,80342-bbpcfu,,
emma-boys-lonely-ranger-comforter,Emma Boys Lonely Ranger Comforter,,DENY Emma Boys,Comforter,"Emma Boys Lonely Ranger Comforter,DENY Designs,at:lonely-ranger,ar:emma-boys,new-art,pc:Cream,sc:red,st:Modern,th:Western,ty:typography,bed-bath,comforters,pmc:bed-bath,pro:comforter,live,nonexclusive",TRUE,Material,Polyester,Size,Queen,Product,Bed in a Bag Set,80342-bbpcqu,131088.088,,0,deny,manual,289.0,289.0,TRUE,TRUE,80342-bbpcqu,,
emma-boys-lonely-ranger-comforter,Emma Boys Lonely Ranger Comforter,,DENY Emma Boys,Comforter,"Emma Boys Lonely Ranger Comforter,DENY Designs,at:lonely-ranger,ar:emma-boys,new-art,pc:Cream,sc:red,st:Modern,th:Western,ty:typography,bed-bath,comforters,pmc:bed-bath,pro:comforter,live,nonexclusive",TRUE,Material,Polyester,Size,King,Product,Bed in a Bag Set,80342-bbpcki,149231.768,,0,deny,manual,329.0,329.0,TRUE,TRUE,80342-bbpcki,,
emma-boys-lonely-ranger-coaster-set,Emma Boys Lonely Ranger Coaster Set,,DENY Emma Boys,Coaster Set,"Emma Boys Lonely Ranger Coaster Set,DENY Designs,at:lonely-ranger,ar:emma-boys,new-art,pc:Cream,sc:red,st:Modern,th:Western,ty:typography,accessories,coaster-sets,coupon,pmc:accessories,more-products,coupon2,pro:coaster-set,live,nonexclusive",TRUE,Option,4 Coasters,,,,,80342-csqset,7257.472,,0,deny,manual,16.0,16.0,TRUE,TRUE,80342-csqset,http://assets.denydesigns.com/web-assets/coaster/emma-boys-lonely-ranger-coaster-set-1.jpg,
emma-boys-lonely-ranger-puzzle,Emma Boys Lonely Ranger Puzzle,,DENY Emma Boys,Puzzle,"Emma Boys Lonely Ranger Puzzle,Deny Designs,at:lonely-ranger,ar:emma-boys,new-art,pc:Cream,sc:red,st:Modern,th:Western,ty:typography,accessories,pmc:accessories,jigsaw-puzzle,pro:jigsaw-puzzle,live,nonexclusive",TRUE,Size,200 Pieces,,,,,80342-puzz02,17690.088,,0,deny,manual,39.0,39.0,TRUE,TRUE,80342-puzz02,http://assets.denydesigns.com/web-assets/puzzle/emma-boys-lonely-ranger-puzzle-200-whitebg.jpg,
emma-boys-lonely-ranger-puzzle,Emma Boys Lonely Ranger Puzzle,,DENY Emma Boys,Puzzle,"Emma Boys Lonely Ranger Puzzle,Deny Designs,at:lonely-ranger,ar:emma-boys,new-art,pc:Cream,sc:red,st:Modern,th:Western,ty:typography,accessories,pmc:accessories,jigsaw-puzzle,pro:jigsaw-puzzle,live,nonexclusive",TRUE,Size,500 Pieces,,,,,80342-puzz04,20411.64,,0,deny,manual,45.0,45.0,TRUE,TRUE,80342-puzz04,http://assets.denydesigns.com/web-assets/puzzle/emma-boys-lonely-ranger-puzzle-500-whitebg.jpg,
emma-boys-lonely-ranger-puzzle,Emma Boys Lonely Ranger Puzzle,,DENY Emma Boys,Puzzle,"Emma Boys Lonely Ranger Puzzle,Deny Designs,at:lonely-ranger,ar:emma-boys,new-art,pc:Cream,sc:red,st:Modern,th:Western,ty:typography,accessories,pmc:accessories,jigsaw-puzzle,pro:jigsaw-puzzle,live,nonexclusive",TRUE,Size,1000 Pieces,,,,,80342-puzz06,22226.008,,0,deny,manual,49.0,49.0,TRUE,TRUE,80342-puzz06,http://assets.denydesigns.com/web-assets/puzzle/emma-boys-lonely-ranger-puzzle-1000-whitebg.jpg,
emma-boys-lonely-ranger-puzzle,,,,,,,,,,,,,,,,,,,,,,,,http://assets.denydesigns.com/web-assets/puzzle/emma-boys-lonely-ranger-puzzle-200-perspective.jpg
emma-boys-lonely-ranger-puzzle,,,,,,,,,,,,,,,,,,,,,,,,http://assets.denydesigns.com/web-assets/puzzle/emma-boys-lonely-ranger-puzzle-500-perspective.jpg
emma-boys-lonely-ranger-puzzle,,,,,,,,,,,,,,,,,,,,,,,,http://assets.denydesigns.com/web-assets/puzzle/emma-boys-lonely-ranger-puzzle-1000-perspective.jpg
emma-boys-lonely-ranger-duvet-cover,Emma Boys Lonely Ranger Duvet Cover,,DENY Emma Boys,Duvet Cover,"Emma Boys Lonely Ranger Duvet Cover,Deny Designs,at:lonely-ranger,ar:emma-boys,new-art,pc:Cream,sc:red,st:Modern,th:Western,ty:typography,bed-bath,duvet-cover,pmc:bed-bath,pro:duvet-cover,live,nonexclusive",TRUE,Material,Cotton,Size,Queen,Product,Duvet Cover Only,80342-dctqun,94800.728,,0,deny,manual,209.0,209.0,TRUE,TRUE,80342-dctqun,http://assets.denydesigns.com/web-assets/duvet/emma-boys-lonely-ranger-duvet-queen-whitebg.jpg,
emma-boys-lonely-ranger-duvet-cover,Emma Boys Lonely Ranger Duvet Cover,,DENY Emma Boys,Duvet Cover,"Emma Boys Lonely Ranger Duvet Cover,Deny Designs,at:lonely-ranger,ar:emma-boys,new-art,pc:Cream,sc:red,st:Modern,th:Western,ty:typography,bed-bath,duvet-cover,pmc:bed-bath,pro:duvet-cover,live,nonexclusive",TRUE,Material,Cotton,Size,Twin,Product,Duvet Cover Only,80342-dcttwi,81192.968,,0,deny,manual,179.0,179.0,TRUE,TRUE,80342-dcttwi,http://assets.denydesigns.com/web-assets/duvet/emma-boys-lonely-ranger-duvet-queen-lifestyle-side.jpg,
emma-boys-lonely-ranger-duvet-cover,Emma Boys Lonely Ranger Duvet Cover,,DENY Emma Boys,Duvet Cover,"Emma Boys Lonely Ranger Duvet Cover,Deny Designs,at:lonely-ranger,ar:emma-boys,new-art,pc:Cream,sc:red,st:Modern,th:Western,ty:typography,bed-bath,duvet-cover,pmc:bed-bath,pro:duvet-cover,live,nonexclusive",TRUE,Material,Cotton,Size,Twin XL,Product,Duvet Cover Only,80342-dctwxl,85728.888,,0,deny,manual,189.0,189.0,TRUE,TRUE,80342-dctwxl,http://assets.denydesigns.com/web-assets/duvet/emma-boys-lonely-ranger-duvet-queen-lifestyle-front.jpg,
emma-boys-lonely-ranger-duvet-cover,Emma Boys Lonely Ranger Duvet Cover,,DENY Emma Boys,Duvet Cover,"Emma Boys Lonely Ranger Duvet Cover,Deny Designs,at:lonely-ranger,ar:emma-boys,new-art,pc:Cream,sc:red,st:Modern,th:Western,ty:typography,bed-bath,duvet-cover,pmc:bed-bath,pro:duvet-cover,live,nonexclusive",TRUE,Material,Cotton,Size,Full,Product,Duvet Cover Only,80342-dcfull,90264.808,,0,deny,manual,199.0,199.0,TRUE,TRUE,80342-dcfull,http://assets.denydesigns.com/web-assets/duvet/emma-boys-lonely-ranger-duvet-twin-whitebg.jpg,
emma-boys-lonely-ranger-duvet-cover,Emma Boys Lonely Ranger Duvet Cover,,DENY Emma Boys,Duvet Cover,"Emma Boys Lonely Ranger Duvet Cover,Deny Designs,at:lonely-ranger,ar:emma-boys,new-art,pc:Cream,sc:red,st:Modern,th:Western,ty:typography,bed-bath,duvet-cover,pmc:bed-bath,pro:duvet-cover,live,nonexclusive",TRUE,Material,Cotton,Size,King,Product,Duvet Cover Only,80342-dctkin,112944.408,,0,deny,manual,249.0,249.0,TRUE,TRUE,80342-dctkin,http://assets.denydesigns.com/web-assets/duvet/emma-boys-lonely-ranger-duvet-twin-lifestyle-side.jpg,
emma-boys-lonely-ranger-duvet-cover,Emma Boys Lonely Ranger Duvet Cover,,DENY Emma Boys,Duvet Cover,"Emma Boys Lonely Ranger Duvet Cover,Deny Designs,at:lonely-ranger,ar:emma-boys,new-art,pc:Cream,sc:red,st:Modern,th:Western,ty:typography,bed-bath,duvet-cover,pmc:bed-bath,pro:duvet-cover,live,nonexclusive",TRUE,Material,Polyester,Size,Twin,Product,Duvet Cover Only,80342-dwttwi,63049.288,,0,deny,manual,139.0,139.0,TRUE,TRUE,80342-dwttwi,http://assets.denydesigns.com/web-assets/duvet/emma-boys-lonely-ranger-duvet-twin-lifestyle-front.jpg,
emma-boys-lonely-ranger-duvet-cover,Emma Boys Lonely Ranger Duvet Cover,,DENY Emma Boys,Duvet Cover,"Emma Boys Lonely Ranger Duvet Cover,Deny Designs,at:lonely-ranger,ar:emma-boys,new-art,pc:Cream,sc:red,st:Modern,th:Western,ty:typography,bed-bath,duvet-cover,pmc:bed-bath,pro:duvet-cover,live,nonexclusive",TRUE,Material,Polyester,Size,Twin XL,Product,Duvet Cover Only,80342-dwttxl,67585.208,,0,deny,manual,149.0,149.0,TRUE,TRUE,80342-dwttxl,http://assets.denydesigns.com/web-assets/duvet/emma-boys-lonely-ranger-duvet-twinxl-whitebg.jpg,
emma-boys-lonely-ranger-duvet-cover,Emma Boys Lonely Ranger Duvet Cover,,DENY Emma Boys,Duvet Cover,"Emma Boys Lonely Ranger Duvet Cover,Deny Designs,at:lonely-ranger,ar:emma-boys,new-art,pc:Cream,sc:red,st:Modern,th:Western,ty:typography,bed-bath,duvet-cover,pmc:bed-bath,pro:duvet-cover,live,nonexclusive",TRUE,Material,Polyester,Size,Full,Product,Duvet Cover Only,80342-dwtful,72121.128,,0,deny,manual,159.0,159.0,TRUE,TRUE,80342-dwtful,http://assets.denydesigns.com/web-assets/duvet/emma-boys-lonely-ranger-duvet-twinxl-lifestyle-side.jpg,
emma-boys-lonely-ranger-duvet-cover,Emma Boys Lonely Ranger Duvet Cover,,DENY Emma Boys,Duvet Cover,"Emma Boys Lonely Ranger Duvet Cover,Deny Designs,at:lonely-ranger,ar:emma-boys,new-art,pc:Cream,sc:red,st:Modern,th:Western,ty:typography,bed-bath,duvet-cover,pmc:bed-bath,pro:duvet-cover,live,nonexclusive",TRUE,Material,Polyester,Size,Queen,Product,Duvet Cover Only,80342-dwtqun,76657.048,,0,deny,manual,169.0,169.0,TRUE,TRUE,80342-dwtqun,http://assets.denydesigns.com/web-assets/duvet/emma-boys-lonely-ranger-duvet-twinxl-lifestyle-front.jpg,
emma-boys-lonely-ranger-duvet-cover,Emma Boys Lonely Ranger Duvet Cover,,DENY Emma Boys,Duvet Cover,"Emma Boys Lonely Ranger Duvet Cover,Deny Designs,at:lonely-ranger,ar:emma-boys,new-art,pc:Cream,sc:red,st:Modern,th:Western,ty:typography,bed-bath,duvet-cover,pmc:bed-bath,pro:duvet-cover,live,nonexclusive",TRUE,Material,Polyester,Size,King,Product,Duvet Cover Only,80342-dwtkin,85728.888,,0,deny,manual,189.0,189.0,TRUE,TRUE,80342-dwtkin,http://assets.denydesigns.com/web-assets/duvet/emma-boys-lonely-ranger-duvet-full-whitebg.jpg,
emma-boys-lonely-ranger-duvet-cover,Emma Boys Lonely Ranger Duvet Cover,,DENY Emma Boys,Duvet Cover,"Emma Boys Lonely Ranger Duvet Cover,Deny Designs,at:lonely-ranger,ar:emma-boys,new-art,pc:Cream,sc:red,st:Modern,th:Western,ty:typography,bed-bath,duvet-cover,pmc:bed-bath,pro:duvet-cover,live,nonexclusive",TRUE,Material,Cotton,Size,Queen,Product,Duvet Cover + Pillow Sham(s),80342-dctqu3,117480.328,,0,deny,manual,259.0,259.0,TRUE,TRUE,80342-dctqu3,http://assets.denydesigns.com/web-assets/duvet/emma-boys-lonely-ranger-duvet-full-lifestyle-side.jpg,
emma-boys-lonely-ranger-duvet-cover,Emma Boys Lonely Ranger Duvet Cover,,DENY Emma Boys,Duvet Cover,"Emma Boys Lonely Ranger Duvet Cover,Deny Designs,at:lonely-ranger,ar:emma-boys,new-art,pc:Cream,sc:red,st:Modern,th:Western,ty:typography,bed-bath,duvet-cover,pmc:bed-bath,pro:duvet-cover,live,nonexclusive",TRUE,Material,Cotton,Size,Twin,Product,Duvet Cover + Pillow Sham(s),80342-dcttw2,94800.728,,0,deny,manual,209.0,209.0,TRUE,TRUE,80342-dcttw2,http://assets.denydesigns.com/web-assets/duvet/emma-boys-lonely-ranger-duvet-full-lifestyle-front.jpg,
emma-boys-lonely-ranger-duvet-cover,Emma Boys Lonely Ranger Duvet Cover,,DENY Emma Boys,Duvet Cover,"Emma Boys Lonely Ranger Duvet Cover,Deny Designs,at:lonely-ranger,ar:emma-boys,new-art,pc:Cream,sc:red,st:Modern,th:Western,ty:typography,bed-bath,duvet-cover,pmc:bed-bath,pro:duvet-cover,live,nonexclusive",TRUE,Material,Cotton,Size,Twin XL,Product,Duvet Cover + Pillow Sham(s),80342-dctwx2,99336.648,,0,deny,manual,219.0,219.0,TRUE,TRUE,80342-dctwx2,http://assets.denydesigns.com/web-assets/duvet/emma-boys-lonely-ranger-duvet-king-whitebg.jpg,
emma-boys-lonely-ranger-duvet-cover,Emma Boys Lonely Ranger Duvet Cover,,DENY Emma Boys,Duvet Cover,"Emma Boys Lonely Ranger Duvet Cover,Deny Designs,at:lonely-ranger,ar:emma-boys,new-art,pc:Cream,sc:red,st:Modern,th:Western,ty:typography,bed-bath,duvet-cover,pmc:bed-bath,pro:duvet-cover,live,nonexclusive",TRUE,Material,Cotton,Size,Full,Product,Duvet Cover + Pillow Sham(s),80342-dcful3,112944.408,,0,deny,manual,249.0,249.0,TRUE,TRUE,80342-dcful3,http://assets.denydesigns.com/web-assets/duvet/emma-boys-lonely-ranger-duvet-king-lifestyle-side.jpg,
emma-boys-lonely-ranger-duvet-cover,Emma Boys Lonely Ranger Duvet Cover,,DENY Emma Boys,Duvet Cover,"Emma Boys Lonely Ranger Duvet Cover,Deny Designs,at:lonely-ranger,ar:emma-boys,new-art,pc:Cream,sc:red,st:Modern,th:Western,ty:typography,bed-bath,duvet-cover,pmc:bed-bath,pro:duvet-cover,live,nonexclusive",TRUE,Material,Cotton,Size,King,Product,Duvet Cover + Pillow Sham(s),80342-dctki3,135624.008,,0,deny,manual,299.0,299.0,TRUE,TRUE,80342-dctki3,http://assets.denydesigns.com/web-assets/duvet/emma-boys-lonely-ranger-duvet-king-lifestyle-front.jpg,
emma-boys-lonely-ranger-duvet-cover,Emma Boys Lonely Ranger Duvet Cover,,DENY Emma Boys,Duvet Cover,"Emma Boys Lonely Ranger Duvet Cover,Deny Designs,at:lonely-ranger,ar:emma-boys,new-art,pc:Cream,sc:red,st:Modern,th:Western,ty:typography,bed-bath,duvet-cover,pmc:bed-bath,pro:duvet-cover,live,nonexclusive",TRUE,Material,Polyester,Size,Twin,Product,Duvet Cover + Pillow Sham(s),80342-dwttw3,72121.128,,0,deny,manual,159.0,159.0,TRUE,TRUE,80342-dwttw3,,
emma-boys-lonely-ranger-duvet-cover,Emma Boys Lonely Ranger Duvet Cover,,DENY Emma Boys,Duvet Cover,"Emma Boys Lonely Ranger Duvet Cover,Deny Designs,at:lonely-ranger,ar:emma-boys,new-art,pc:Cream,sc:red,st:Modern,th:Western,ty:typography,bed-bath,duvet-cover,pmc:bed-bath,pro:duvet-cover,live,nonexclusive",TRUE,Material,Polyester,Size,Twin XL,Product,Duvet Cover + Pillow Sham(s),80342-dwttx3,76657.048,,0,deny,manual,169.0,169.0,TRUE,TRUE,80342-dwttx3,,
emma-boys-lonely-ranger-duvet-cover,Emma Boys Lonely Ranger Duvet Cover,,DENY Emma Boys,Duvet Cover,"Emma Boys Lonely Ranger Duvet Cover,Deny Designs,at:lonely-ranger,ar:emma-boys,new-art,pc:Cream,sc:red,st:Modern,th:Western,ty:typography,bed-bath,duvet-cover,pmc:bed-bath,pro:duvet-cover,live,nonexclusive",TRUE,Material,Polyester,Size,Full,Product,Duvet Cover + Pillow Sham(s),80342-dwtfu3,85728.888,,0,deny,manual,189.0,189.0,TRUE,TRUE,80342-dwtfu3,,
emma-boys-lonely-ranger-duvet-cover,Emma Boys Lonely Ranger Duvet Cover,,DENY Emma Boys,Duvet Cover,"Emma Boys Lonely Ranger Duvet Cover,Deny Designs,at:lonely-ranger,ar:emma-boys,new-art,pc:Cream,sc:red,st:Modern,th:Western,ty:typography,bed-bath,duvet-cover,pmc:bed-bath,pro:duvet-cover,live,nonexclusive",TRUE,Material,Polyester,SIze,Queen,Product,Duvet Cover + Pillow Sham(s),80342-dwtqu3,90264.808,,0,deny,manual,199.0,199.0,TRUE,TRUE,80342-dwtqu3,,
emma-boys-lonely-ranger-duvet-cover,Emma Boys Lonely Ranger Duvet Cover,,DENY Emma Boys,Duvet Cover,"Emma Boys Lonely Ranger Duvet Cover,Deny Designs,at:lonely-ranger,ar:emma-boys,new-art,pc:Cream,sc:red,st:Modern,th:Western,ty:typography,bed-bath,duvet-cover,pmc:bed-bath,pro:duvet-cover,live,nonexclusive",TRUE,Material,Polyester,Size,King,Product,Duvet Cover + Pillow Sham(s),80342-dwtki3,103872.568,,0,deny,manual,229.0,229.0,TRUE,TRUE,80342-dwtki3,,
emma-boys-lonely-ranger-duvet-cover,Emma Boys Lonely Ranger Duvet Cover,,DENY Emma Boys,Duvet Cover,"Emma Boys Lonely Ranger Duvet Cover,Deny Designs,at:lonely-ranger,ar:emma-boys,new-art,pc:Cream,sc:red,st:Modern,th:Western,ty:typography,bed-bath,duvet-cover,pmc:bed-bath,pro:duvet-cover,live,nonexclusive",TRUE,Material,Cotton,Size,Queen,Product,Bed in a Bag Set,80342-bbcqun,149231.768,,0,deny,manual,329.0,329.0,TRUE,TRUE,80342-bbcqun,,
emma-boys-lonely-ranger-duvet-cover,Emma Boys Lonely Ranger Duvet Cover,,DENY Emma Boys,Duvet Cover,"Emma Boys Lonely Ranger Duvet Cover,Deny Designs,at:lonely-ranger,ar:emma-boys,new-art,pc:Cream,sc:red,st:Modern,th:Western,ty:typography,bed-bath,duvet-cover,pmc:bed-bath,pro:duvet-cover,live,nonexclusive",TRUE,Material,Cotton,Size,Twin,Product,Bed in a Bag Set,80342-bbctwi,117480.328,,0,deny,manual,259.0,259.0,TRUE,TRUE,80342-bbctwi,,
emma-boys-lonely-ranger-duvet-cover,Emma Boys Lonely Ranger Duvet Cover,,DENY Emma Boys,Duvet Cover,"Emma Boys Lonely Ranger Duvet Cover,Deny Designs,at:lonely-ranger,ar:emma-boys,new-art,pc:Cream,sc:red,st:Modern,th:Western,ty:typography,bed-bath,duvet-cover,pmc:bed-bath,pro:duvet-cover,live,nonexclusive",TRUE,Material,Cotton,Size,Twin XL,Product,Bed in a Bag Set,80342-bbctxl,122016.248,,0,deny,manual,269.0,269.0,TRUE,TRUE,80342-bbctxl,,
emma-boys-lonely-ranger-duvet-cover,Emma Boys Lonely Ranger Duvet Cover,,DENY Emma Boys,Duvet Cover,"Emma Boys Lonely Ranger Duvet Cover,Deny Designs,at:lonely-ranger,ar:emma-boys,new-art,pc:Cream,sc:red,st:Modern,th:Western,ty:typography,bed-bath,duvet-cover,pmc:bed-bath,pro:duvet-cover,live,nonexclusive",TRUE,Material,Cotton,Size,Full,Product,Bed in a Bag Set,80342-bbcful,144695.848,,0,deny,manual,319.0,319.0,TRUE,TRUE,80342-bbcful,,
emma-boys-lonely-ranger-duvet-cover,Emma Boys Lonely Ranger Duvet Cover,,DENY Emma Boys,Duvet Cover,"Emma Boys Lonely Ranger Duvet Cover,Deny Designs,at:lonely-ranger,ar:emma-boys,new-art,pc:Cream,sc:red,st:Modern,th:Western,ty:typography,bed-bath,duvet-cover,pmc:bed-bath,pro:duvet-cover,live,nonexclusive",TRUE,Material,Cotton,Size,King,Product,Bed in a Bag Set,80342-bbckin,167375.448,,0,deny,manual,369.0,369.0,TRUE,TRUE,80342-bbckin,,
emma-boys-lonely-ranger-duvet-cover,Emma Boys Lonely Ranger Duvet Cover,,DENY Emma Boys,Duvet Cover,"Emma Boys Lonely Ranger Duvet Cover,Deny Designs,at:lonely-ranger,ar:emma-boys,new-art,pc:Cream,sc:red,st:Modern,th:Western,ty:typography,bed-bath,duvet-cover,pmc:bed-bath,pro:duvet-cover,live,nonexclusive",TRUE,Material,Polyester,Size,Twin,Product,Bed in a Bag Set,80342-bibtwi,99336.648,,0,deny,manual,219.0,219.0,TRUE,TRUE,80342-bibtwi,,
emma-boys-lonely-ranger-duvet-cover,Emma Boys Lonely Ranger Duvet Cover,,DENY Emma Boys,Duvet Cover,"Emma Boys Lonely Ranger Duvet Cover,Deny Designs,at:lonely-ranger,ar:emma-boys,new-art,pc:Cream,sc:red,st:Modern,th:Western,ty:typography,bed-bath,duvet-cover,pmc:bed-bath,pro:duvet-cover,live,nonexclusive",TRUE,Material,Polyester,Size,Twin XL,Product,Bed in a Bag Set,80342-bibtxl,103872.568,,0,deny,manual,229.0,229.0,TRUE,TRUE,80342-bibtxl,,
emma-boys-lonely-ranger-duvet-cover,Emma Boys Lonely Ranger Duvet Cover,,DENY Emma Boys,Duvet Cover,"Emma Boys Lonely Ranger Duvet Cover,Deny Designs,at:lonely-ranger,ar:emma-boys,new-art,pc:Cream,sc:red,st:Modern,th:Western,ty:typography,bed-bath,duvet-cover,pmc:bed-bath,pro:duvet-cover,live,nonexclusive",TRUE,Material,Polyester,Size,Full,Product,Bed in a Bag Set,80342-bibful,117480.328,,0,deny,manual,259.0,259.0,TRUE,TRUE,80342-bibful,,
emma-boys-lonely-ranger-duvet-cover,Emma Boys Lonely Ranger Duvet Cover,,DENY Emma Boys,Duvet Cover,"Emma Boys Lonely Ranger Duvet Cover,Deny Designs,at:lonely-ranger,ar:emma-boys,new-art,pc:Cream,sc:red,st:Modern,th:Western,ty:typography,bed-bath,duvet-cover,pmc:bed-bath,pro:duvet-cover,live,nonexclusive",TRUE,Material,Polyester,Size,Queen,Product,Bed in a Bag Set,80342-bibqun,122016.248,,0,deny,manual,269.0,269.0,TRUE,TRUE,80342-bibqun,,
emma-boys-lonely-ranger-duvet-cover,Emma Boys Lonely Ranger Duvet Cover,,DENY Emma Boys,Duvet Cover,"Emma Boys Lonely Ranger Duvet Cover,Deny Designs,at:lonely-ranger,ar:emma-boys,new-art,pc:Cream,sc:red,st:Modern,th:Western,ty:typography,bed-bath,duvet-cover,pmc:bed-bath,pro:duvet-cover,live,nonexclusive",TRUE,Material,Polyester,Size,King,Product,Bed in a Bag Set,80342-bibkin,135624.008,,0,deny,manual,299.0,299.0,TRUE,TRUE,80342-bibkin,,
emma-boys-lonely-ranger-face-mask,Emma Boys Lonely Ranger Face Mask,,DENY Emma Boys,Face Mask,"Emma Boys Lonely Ranger Face Mask,DENY Designs,at:lonely-ranger,ar:emma-boys,new-art,pc:Cream,sc:red,st:Modern,th:Western,ty:typography,accessories,pmc:accessories,face-mask,pro:face-mask,live,nonexclusive",TRUE,Option,Without Pocket,,,,,80342-FCMSK1,7706.53,,0,deny,manual,16.99,16.99,TRUE,TRUE,80342-FCMSK1,http://assets.denydesigns.com/web-assets/facemask/emma-boys-lonely-ranger-facemask.jpg,
emma-boys-lonely-ranger-face-mask,Emma Boys Lonely Ranger Face Mask,,DENY Emma Boys,Face Mask,"Emma Boys Lonely Ranger Face Mask,DENY Designs,at:lonely-ranger,ar:emma-boys,new-art,pc:Cream,sc:red,st:Modern,th:Western,ty:typography,accessories,pmc:accessories,face-mask,pro:face-mask,live,nonexclusive",TRUE,Option,With Pocket,,,,,80342-FCMSK2,9067.3,,0,deny,manual,19.99,19.99,TRUE,TRUE,80342-FCMSK2,,
emma-boys-lonely-ranger-memory-foam-bath-mat,Emma Boys Lonely Ranger Memory Foam Bath Mat,,DENY Emma Boys,Memory Foam Bath Mat,"Emma Boys Lonely Ranger Memory Foam Bath Mat,,at:lonely-ranger,ar:emma-boys,new-art,pc:Cream,sc:red,st:Modern,th:Western,ty:typography,bed-bath,memory-foam-bath-mat,coupon,pmc:bed-bath,pro:bath-mats,coupon2,live,nonexclusive",TRUE,Size,"24"" x 17""",,,,,80342-mfbsma,24947.56,,0,deny,manual,55.0,55.0,TRUE,TRUE,80342-mfbsma,http://assets.denydesigns.com/web-assets/shower-curtain/emma-boys-lonely-ranger-bathmat-whitebg.jpg,
emma-boys-lonely-ranger-memory-foam-bath-mat,Emma Boys Lonely Ranger Memory Foam Bath Mat,,DENY Emma Boys,Memory Foam Bath Mat,"Emma Boys Lonely Ranger Memory Foam Bath Mat,,at:lonely-ranger,ar:emma-boys,new-art,pc:Cream,sc:red,st:Modern,th:Western,ty:typography,bed-bath,memory-foam-bath-mat,coupon,pmc:bed-bath,pro:bath-mats,coupon2,live,nonexclusive",TRUE,Size,"34"" x 21""",,,,,80342-mfbmed,29483.48,,0,deny,manual,65.0,65.0,TRUE,TRUE,80342-mfbmed,http://assets.denydesigns.com/web-assets/shower-curtain/emma-boys-lonely-ranger-bathmat-perspective-v1.jpg,
emma-boys-lonely-ranger-memory-foam-bath-mat,,,,,,,,,,,,,,,,,,,,,,,,http://assets.denydesigns.com/web-assets/shower-curtain/emma-boys-lonely-ranger-bathmat-detail-v1.jpg
emma-boys-lonely-ranger-memory-foam-bath-mat,,,,,,,,,,,,,,,,,,,,,,,,http://assets.denydesigns.com/web-assets/shower-curtain/emma-boys-lonely-ranger-shower-curtain-with-mat-v1.jpg
emma-boys-lonely-ranger-outdoor-throw-pillow,Emma Boys Lonely Ranger Outdoor Throw Pillow,,DENY Emma Boys,Outdoor Throw Pillow,"Emma Boys Lonely Ranger Outdoor Throw Pillow,DENY Designs,at:lonely-ranger,ar:emma-boys,new-art,pc:Cream,sc:red,st:Modern,th:Western,ty:typography,outdoor,coupon,pmc:outdoor,outdoor-throw-pillow,pro:outdoor-throw-pillows,live,nonexclusive",TRUE,Size,"16"" x 16""",,,,,80342-othrp16,20411.64,,0,deny,manual,45.0,45.0,TRUE,TRUE,80342-othrp16,http://assets.denydesigns.com/web-assets/throw-pillow/emma-boys-lonely-ranger-throw-pillow-whitebg.jpg,
emma-boys-lonely-ranger-outdoor-throw-pillow,Emma Boys Lonely Ranger Outdoor Throw Pillow,,DENY Emma Boys,Outdoor Throw Pillow,"Emma Boys Lonely Ranger Outdoor Throw Pillow,DENY Designs,at:lonely-ranger,ar:emma-boys,new-art,pc:Cream,sc:red,st:Modern,th:Western,ty:typography,outdoor,coupon,pmc:outdoor,outdoor-throw-pillow,pro:outdoor-throw-pillows,live,nonexclusive",TRUE,Size,"18"" x 18""",,,,,80342-othrp18,22226.008,,0,deny,manual,49.0,49.0,TRUE,TRUE,80342-othrp18,http://assets.denydesigns.com/web-assets/throw-pillow/emma-boys-lonely-ranger-throw-pillow-detail.jpg,
emma-boys-lonely-ranger-outdoor-throw-pillow,Emma Boys Lonely Ranger Outdoor Throw Pillow,,DENY Emma Boys,Outdoor Throw Pillow,"Emma Boys Lonely Ranger Outdoor Throw Pillow,DENY Designs,at:lonely-ranger,ar:emma-boys,new-art,pc:Cream,sc:red,st:Modern,th:Western,ty:typography,outdoor,coupon,pmc:outdoor,outdoor-throw-pillow,pro:outdoor-throw-pillows,live,nonexclusive",TRUE,Size,"20"" x 20""",,,,,80342-othrp20,24947.56,,0,deny,manual,55.0,55.0,TRUE,TRUE,80342-othrp20,http://assets.denydesigns.com/web-assets/throw-pillow/emma-boys-lonely-ranger-throw-pillows-stacked.jpg,
emma-boys-lonely-ranger-outdoor-throw-pillow,Emma Boys Lonely Ranger Outdoor Throw Pillow,,DENY Emma Boys,Outdoor Throw Pillow,"Emma Boys Lonely Ranger Outdoor Throw Pillow,DENY Designs,at:lonely-ranger,ar:emma-boys,new-art,pc:Cream,sc:red,st:Modern,th:Western,ty:typography,outdoor,coupon,pmc:outdoor,outdoor-throw-pillow,pro:outdoor-throw-pillows,live,nonexclusive",TRUE,Size,"26"" x 26""",,,,,80342-othrp26,31297.848,,0,deny,manual,69.0,69.0,TRUE,TRUE,80342-othrp26,http://assets.denydesigns.com/web-assets/throw-pillow/emma-boys-lonely-ranger-throw-pillow-sizes.jpg,
emma-boys-lonely-ranger-phone-case,Emma Boys Lonely Ranger Phone Case,,DENY Emma Boys,Phone Case,"Emma Boys Lonely Ranger Phone Case,,at:lonely-ranger,ar:emma-boys,new-art,pc:Cream,sc:red,st:Modern,th:Western,ty:typography,phone-case,pro:phone-case,pmc:accessories,accessories,live,nonexclusive",TRUE,Style,Slim,Model,iPhone 13,,,80342-phca31,22226.008,,0,deny,manual,49.0,49.0,TRUE,TRUE,80342-phca31,http://assets.denydesigns.com/web-assets/phone-case/emma-boys-lonely-ranger-slim-iphone-13.jpg,
emma-boys-lonely-ranger-phone-case,Emma Boys Lonely Ranger Phone Case,,DENY Emma Boys,Phone Case,"Emma Boys Lonely Ranger Phone Case,,at:lonely-ranger,ar:emma-boys,new-art,pc:Cream,sc:red,st:Modern,th:Western,ty:typography,phone-case,pro:phone-case,pmc:accessories,accessories,live,nonexclusive",TRUE,Style,Slim,Model,iPhone 13 Mini,,,80342-phca32,22226.008,,0,deny,manual,49.0,49.0,TRUE,TRUE,80342-phca32,http://assets.denydesigns.com/web-assets/phone-case/emma-boys-lonely-ranger-slim-iphone-13-mini.jpg,
emma-boys-lonely-ranger-phone-case,Emma Boys Lonely Ranger Phone Case,,DENY Emma Boys,Phone Case,"Emma Boys Lonely Ranger Phone Case,,at:lonely-ranger,ar:emma-boys,new-art,pc:Cream,sc:red,st:Modern,th:Western,ty:typography,phone-case,pro:phone-case,pmc:accessories,accessories,live,nonexclusive",TRUE,Style,Slim,Model,iPhone 13 Pro,,,80342-phca33,22226.008,,0,deny,manual,49.0,49.0,TRUE,TRUE,80342-phca33,http://assets.denydesigns.com/web-assets/phone-case/emma-boys-lonely-ranger-slim-iphone-13-pro.jpg,
emma-boys-lonely-ranger-phone-case,Emma Boys Lonely Ranger Phone Case,,DENY Emma Boys,Phone Case,"Emma Boys Lonely Ranger Phone Case,,at:lonely-ranger,ar:emma-boys,new-art,pc:Cream,sc:red,st:Modern,th:Western,ty:typography,phone-case,pro:phone-case,pmc:accessories,accessories,live,nonexclusive",TRUE,Style,Slim,Model,iPhone 13 Pro Max,,,80342-phca34,22226.008,,0,deny,manual,49.0,49.0,TRUE,TRUE,80342-phca34,http://assets.denydesigns.com/web-assets/phone-case/emma-boys-lonely-ranger-slim-iphone-13-pro-max.jpg,
emma-boys-lonely-ranger-phone-case,Emma Boys Lonely Ranger Phone Case,,DENY Emma Boys,Phone Case,"Emma Boys Lonely Ranger Phone Case,,at:lonely-ranger,ar:emma-boys,new-art,pc:Cream,sc:red,st:Modern,th:Western,ty:typography,phone-case,pro:phone-case,pmc:accessories,accessories,live,nonexclusive",TRUE,Style,Slim,Model,iPhone 12,,,80342-phca01,22226.008,,0,deny,manual,49.0,49.0,TRUE,TRUE,80342-phca01,http://assets.denydesigns.com/web-assets/phone-case/emma-boys-lonely-ranger-slim-iphone-12.jpg,
emma-boys-lonely-ranger-phone-case,Emma Boys Lonely Ranger Phone Case,,DENY Emma Boys,Phone Case,"Emma Boys Lonely Ranger Phone Case,,at:lonely-ranger,ar:emma-boys,new-art,pc:Cream,sc:red,st:Modern,th:Western,ty:typography,phone-case,pro:phone-case,pmc:accessories,accessories,live,nonexclusive",TRUE,Style,Slim,Model,iPhone 12 mini,,,80342-phca02,22226.008,,0,deny,manual,49.0,49.0,TRUE,TRUE,80342-phca02,http://assets.denydesigns.com/web-assets/phone-case/emma-boys-lonely-ranger-slim-iphone-12-mini.jpg,
emma-boys-lonely-ranger-phone-case,Emma Boys Lonely Ranger Phone Case,,DENY Emma Boys,Phone Case,"Emma Boys Lonely Ranger Phone Case,,at:lonely-ranger,ar:emma-boys,new-art,pc:Cream,sc:red,st:Modern,th:Western,ty:typography,phone-case,pro:phone-case,pmc:accessories,accessories,live,nonexclusive",TRUE,Style,Slim,Model,iPhone 12 pro,,,80342-phca03,22226.008,,0,deny,manual,49.0,49.0,TRUE,TRUE,80342-phca03,http://assets.denydesigns.com/web-assets/phone-case/emma-boys-lonely-ranger-slim-iphone-12-pro.jpg,
emma-boys-lonely-ranger-phone-case,Emma Boys Lonely Ranger Phone Case,,DENY Emma Boys,Phone Case,"Emma Boys Lonely Ranger Phone Case,,at:lonely-ranger,ar:emma-boys,new-art,pc:Cream,sc:red,st:Modern,th:Western,ty:typography,phone-case,pro:phone-case,pmc:accessories,accessories,live,nonexclusive",TRUE,Style,Slim,Model,iPhone 12 pro max,,,80342-phca04,22226.008,,0,deny,manual,49.0,49.0,TRUE,TRUE,80342-phca04,http://assets.denydesigns.com/web-assets/phone-case/emma-boys-lonely-ranger-slim-iphone-12-pro-max.jpg,
emma-boys-lonely-ranger-phone-case,Emma Boys Lonely Ranger Phone Case,,DENY Emma Boys,Phone Case,"Emma Boys Lonely Ranger Phone Case,,at:lonely-ranger,ar:emma-boys,new-art,pc:Cream,sc:red,st:Modern,th:Western,ty:typography,phone-case,pro:phone-case,pmc:accessories,accessories,live,nonexclusive",TRUE,Style,Slim,Model,iPhone 11,,,80342-phca05,22226.008,,0,deny,manual,49.0,49.0,TRUE,TRUE,80342-phca05,http://assets.denydesigns.com/web-assets/phone-case/emma-boys-lonely-ranger-slim-iphone-11.jpg,
emma-boys-lonely-ranger-phone-case,Emma Boys Lonely Ranger Phone Case,,DENY Emma Boys,Phone Case,"Emma Boys Lonely Ranger Phone Case,,at:lonely-ranger,ar:emma-boys,new-art,pc:Cream,sc:red,st:Modern,th:Western,ty:typography,phone-case,pro:phone-case,pmc:accessories,accessories,live,nonexclusive",TRUE,Style,Slim,Model,iPhone 11 Pro,,,80342-phca06,22226.008,,0,deny,manual,49.0,49.0,TRUE,TRUE,80342-phca06,http://assets.denydesigns.com/web-assets/phone-case/emma-boys-lonely-ranger-slim-iphone-11-pro.jpg,
emma-boys-lonely-ranger-phone-case,Emma Boys Lonely Ranger Phone Case,,DENY Emma Boys,Phone Case,"Emma Boys Lonely Ranger Phone Case,,at:lonely-ranger,ar:emma-boys,new-art,pc:Cream,sc:red,st:Modern,th:Western,ty:typography,phone-case,pro:phone-case,pmc:accessories,accessories,live,nonexclusive",TRUE,Style,Slim,Model,iPhone 11 Pro Max,,,80342-phca07,22226.008,,0,deny,manual,49.0,49.0,TRUE,TRUE,80342-phca07,http://assets.denydesigns.com/web-assets/phone-case/emma-boys-lonely-ranger-slim-iphone-11-pro-max.jpg,
emma-boys-lonely-ranger-phone-case,Emma Boys Lonely Ranger Phone Case,,DENY Emma Boys,Phone Case,"Emma Boys Lonely Ranger Phone Case,,at:lonely-ranger,ar:emma-boys,new-art,pc:Cream,sc:red,st:Modern,th:Western,ty:typography,phone-case,pro:phone-case,pmc:accessories,accessories,live,nonexclusive",TRUE,Style,Slim,Model,iPhone Xs Max,,,80342-phca08,22226.008,,0,deny,manual,49.0,49.0,TRUE,TRUE,80342-phca08,http://assets.denydesigns.com/web-assets/phone-case/emma-boys-lonely-ranger-slim-iphone-xs-max.jpg,
emma-boys-lonely-ranger-phone-case,Emma Boys Lonely Ranger Phone Case,,DENY Emma Boys,Phone Case,"Emma Boys Lonely Ranger Phone Case,,at:lonely-ranger,ar:emma-boys,new-art,pc:Cream,sc:red,st:Modern,th:Western,ty:typography,phone-case,pro:phone-case,pmc:accessories,accessories,live,nonexclusive",TRUE,Style,Slim,Model,iPhone Xr,,,80342-phca09,22226.008,,0,deny,manual,49.0,49.0,TRUE,TRUE,80342-phca09,http://assets.denydesigns.com/web-assets/phone-case/emma-boys-lonely-ranger-slim-iphone-xr.jpg,
emma-boys-lonely-ranger-phone-case,Emma Boys Lonely Ranger Phone Case,,DENY Emma Boys,Phone Case,"Emma Boys Lonely Ranger Phone Case,,at:lonely-ranger,ar:emma-boys,new-art,pc:Cream,sc:red,st:Modern,th:Western,ty:typography,phone-case,pro:phone-case,pmc:accessories,accessories,live,nonexclusive",TRUE,Style,Slim,Model,iPhone Xs,,,80342-phca10,22226.008,,0,deny,manual,49.0,49.0,TRUE,TRUE,80342-phca10,http://assets.denydesigns.com/web-assets/phone-case/emma-boys-lonely-ranger-slim-iphone-xs.jpg,
emma-boys-lonely-ranger-phone-case,Emma Boys Lonely Ranger Phone Case,,DENY Emma Boys,Phone Case,"Emma Boys Lonely Ranger Phone Case,,at:lonely-ranger,ar:emma-boys,new-art,pc:Cream,sc:red,st:Modern,th:Western,ty:typography,phone-case,pro:phone-case,pmc:accessories,accessories,live,nonexclusive",TRUE,Style,Slim,Model,iPhone 8 Plus,,,80342-phca11,22226.008,,0,deny,manual,49.0,49.0,TRUE,TRUE,80342-phca11,http://assets.denydesigns.com/web-assets/phone-case/emma-boys-lonely-ranger-slim-iphone-8-plus.jpg,
emma-boys-lonely-ranger-phone-case,Emma Boys Lonely Ranger Phone Case,,DENY Emma Boys,Phone Case,"Emma Boys Lonely Ranger Phone Case,,at:lonely-ranger,ar:emma-boys,new-art,pc:Cream,sc:red,st:Modern,th:Western,ty:typography,phone-case,pro:phone-case,pmc:accessories,accessories,live,nonexclusive",TRUE,Style,Slim,Model,iPhone 8,,,80342-phca12,22226.008,,0,deny,manual,49.0,49.0,TRUE,TRUE,80342-phca12,http://assets.denydesigns.com/web-assets/phone-case/emma-boys-lonely-ranger-slim-iphone-8.jpg,
emma-boys-lonely-ranger-phone-case,Emma Boys Lonely Ranger Phone Case,,DENY Emma Boys,Phone Case,"Emma Boys Lonely Ranger Phone Case,,at:lonely-ranger,ar:emma-boys,new-art,pc:Cream,sc:red,st:Modern,th:Western,ty:typography,phone-case,pro:phone-case,pmc:accessories,accessories,live,nonexclusive",TRUE,Style,Slim,Model,Galaxy s10,,,80342-phca25,22226.008,,0,deny,manual,49.0,49.0,TRUE,TRUE,80342-phca25,http://assets.denydesigns.com/web-assets/phone-case/emma-boys-lonely-ranger-slim-s10.jpg,
emma-boys-lonely-ranger-phone-case,Emma Boys Lonely Ranger Phone Case,,DENY Emma Boys,Phone Case,"Emma Boys Lonely Ranger Phone Case,,at:lonely-ranger,ar:emma-boys,new-art,pc:Cream,sc:red,st:Modern,th:Western,ty:typography,phone-case,pro:phone-case,pmc:accessories,accessories,live,nonexclusive",TRUE,Style,Slim,Model,Galaxy s20,,,80342-phca26,22226.008,,0,deny,manual,49.0,49.0,TRUE,TRUE,80342-phca26,http://assets.denydesigns.com/web-assets/phone-case/emma-boys-lonely-ranger-slim-s20.jpg,
emma-boys-lonely-ranger-phone-case,Emma Boys Lonely Ranger Phone Case,,DENY Emma Boys,Phone Case,"Emma Boys Lonely Ranger Phone Case,,at:lonely-ranger,ar:emma-boys,new-art,pc:Cream,sc:red,st:Modern,th:Western,ty:typography,phone-case,pro:phone-case,pmc:accessories,accessories,live,nonexclusive",TRUE,Style,Slim,Model,Pixel 3,,,80342-phca27,22226.008,,0,deny,manual,49.0,49.0,TRUE,TRUE,80342-phca27,http://assets.denydesigns.com/web-assets/phone-case/emma-boys-lonely-ranger-slim-pixel-3.jpg,
emma-boys-lonely-ranger-phone-case,Emma Boys Lonely Ranger Phone Case,,DENY Emma Boys,Phone Case,"Emma Boys Lonely Ranger Phone Case,,at:lonely-ranger,ar:emma-boys,new-art,pc:Cream,sc:red,st:Modern,th:Western,ty:typography,phone-case,pro:phone-case,pmc:accessories,accessories,live,nonexclusive",TRUE,Style,Tough,Model,iPhone 13,,,80342-phca35,22226.008,,0,deny,manual,49.0,49.0,TRUE,TRUE,80342-phca35,http://assets.denydesigns.com/web-assets/phone-case/emma-boys-lonely-ranger-tough-iphone-13.jpg,
emma-boys-lonely-ranger-phone-case,Emma Boys Lonely Ranger Phone Case,,DENY Emma Boys,Phone Case,"Emma Boys Lonely Ranger Phone Case,,at:lonely-ranger,ar:emma-boys,new-art,pc:Cream,sc:red,st:Modern,th:Western,ty:typography,phone-case,pro:phone-case,pmc:accessories,accessories,live,nonexclusive",TRUE,Style,Tough,Model,iPhone 13 Mini,,,80342-phca36,22226.008,,0,deny,manual,49.0,49.0,TRUE,TRUE,80342-phca36,http://assets.denydesigns.com/web-assets/phone-case/emma-boys-lonely-ranger-tough-iphone-13-mini.jpg,
emma-boys-lonely-ranger-phone-case,Emma Boys Lonely Ranger Phone Case,,DENY Emma Boys,Phone Case,"Emma Boys Lonely Ranger Phone Case,,at:lonely-ranger,ar:emma-boys,new-art,pc:Cream,sc:red,st:Modern,th:Western,ty:typography,phone-case,pro:phone-case,pmc:accessories,accessories,live,nonexclusive",TRUE,Style,Tough,Model,iPhone 13 Pro,,,80342-phca37,22226.008,,0,deny,manual,49.0,49.0,TRUE,TRUE,80342-phca37,http://assets.denydesigns.com/web-assets/phone-case/emma-boys-lonely-ranger-tough-iphone-13-pro.jpg,
emma-boys-lonely-ranger-phone-case,Emma Boys Lonely Ranger Phone Case,,DENY Emma Boys,Phone Case,"Emma Boys Lonely Ranger Phone Case,,at:lonely-ranger,ar:emma-boys,new-art,pc:Cream,sc:red,st:Modern,th:Western,ty:typography,phone-case,pro:phone-case,pmc:accessories,accessories,live,nonexclusive",TRUE,Style,Tough,Model,iPhone 13 Pro Max,,,80342-phca38,22226.008,,0,deny,manual,49.0,49.0,TRUE,TRUE,80342-phca38,http://assets.denydesigns.com/web-assets/phone-case/emma-boys-lonely-ranger-tough-iphone-13-pro-max.jpg,
emma-boys-lonely-ranger-phone-case,Emma Boys Lonely Ranger Phone Case,,DENY Emma Boys,Phone Case,"Emma Boys Lonely Ranger Phone Case,,at:lonely-ranger,ar:emma-boys,new-art,pc:Cream,sc:red,st:Modern,th:Western,ty:typography,phone-case,pro:phone-case,pmc:accessories,accessories,live,nonexclusive",TRUE,Style,Tough,Model,iPhone 12,,,80342-phca13,22226.008,,0,deny,manual,49.0,49.0,TRUE,TRUE,80342-phca13,http://assets.denydesigns.com/web-assets/phone-case/emma-boys-lonely-ranger-tough-iphone-12.jpg,
emma-boys-lonely-ranger-phone-case,Emma Boys Lonely Ranger Phone Case,,DENY Emma Boys,Phone Case,"Emma Boys Lonely Ranger Phone Case,,at:lonely-ranger,ar:emma-boys,new-art,pc:Cream,sc:red,st:Modern,th:Western,ty:typography,phone-case,pro:phone-case,pmc:accessories,accessories,live,nonexclusive",TRUE,Style,Tough,Model,iPhone 12 mini,,,80342-phca14,22226.008,,0,deny,manual,49.0,49.0,TRUE,TRUE,80342-phca14,http://assets.denydesigns.com/web-assets/phone-case/emma-boys-lonely-ranger-tough-iphone-12-mini.jpg,
emma-boys-lonely-ranger-phone-case,Emma Boys Lonely Ranger Phone Case,,DENY Emma Boys,Phone Case,"Emma Boys Lonely Ranger Phone Case,,at:lonely-ranger,ar:emma-boys,new-art,pc:Cream,sc:red,st:Modern,th:Western,ty:typography,phone-case,pro:phone-case,pmc:accessories,accessories,live,nonexclusive",TRUE,Style,Tough,Model,iPhone 12 pro,,,80342-phca15,22226.008,,0,deny,manual,49.0,49.0,TRUE,TRUE,80342-phca15,http://assets.denydesigns.com/web-assets/phone-case/emma-boys-lonely-ranger-tough-iphone-12-pro.jpg,
emma-boys-lonely-ranger-phone-case,Emma Boys Lonely Ranger Phone Case,,DENY Emma Boys,Phone Case,"Emma Boys Lonely Ranger Phone Case,,at:lonely-ranger,ar:emma-boys,new-art,pc:Cream,sc:red,st:Modern,th:Western,ty:typography,phone-case,pro:phone-case,pmc:accessories,accessories,live,nonexclusive",TRUE,Style,Tough,Model,iPhone 12 pro max,,,80342-phca16,22226.008,,0,deny,manual,49.0,49.0,TRUE,TRUE,80342-phca16,http://assets.denydesigns.com/web-assets/phone-case/emma-boys-lonely-ranger-tough-iphone-12-pro-max.jpg,
emma-boys-lonely-ranger-phone-case,Emma Boys Lonely Ranger Phone Case,,DENY Emma Boys,Phone Case,"Emma Boys Lonely Ranger Phone Case,,at:lonely-ranger,ar:emma-boys,new-art,pc:Cream,sc:red,st:Modern,th:Western,ty:typography,phone-case,pro:phone-case,pmc:accessories,accessories,live,nonexclusive",TRUE,Style,Tough,Model,iPhone 11,,,80342-phca17,22226.008,,0,deny,manual,49.0,49.0,TRUE,TRUE,80342-phca17,http://assets.denydesigns.com/web-assets/phone-case/emma-boys-lonely-ranger-tough-iphone-11.jpg,
emma-boys-lonely-ranger-phone-case,Emma Boys Lonely Ranger Phone Case,,DENY Emma Boys,Phone Case,"Emma Boys Lonely Ranger Phone Case,,at:lonely-ranger,ar:emma-boys,new-art,pc:Cream,sc:red,st:Modern,th:Western,ty:typography,phone-case,pro:phone-case,pmc:accessories,accessories,live,nonexclusive",TRUE,Style,Tough,Model,iPhone 11 Pro,,,80342-phca18,22226.008,,0,deny,manual,49.0,49.0,TRUE,TRUE,80342-phca18,http://assets.denydesigns.com/web-assets/phone-case/emma-boys-lonely-ranger-tough-iphone-11-pro.jpg,
emma-boys-lonely-ranger-phone-case,Emma Boys Lonely Ranger Phone Case,,DENY Emma Boys,Phone Case,"Emma Boys Lonely Ranger Phone Case,,at:lonely-ranger,ar:emma-boys,new-art,pc:Cream,sc:red,st:Modern,th:Western,ty:typography,phone-case,pro:phone-case,pmc:accessories,accessories,live,nonexclusive",TRUE,Style,Tough,Model,iPhone 11 Pro Max,,,80342-phca19,22226.008,,0,deny,manual,49.0,49.0,TRUE,TRUE,80342-phca19,http://assets.denydesigns.com/web-assets/phone-case/emma-boys-lonely-ranger-tough-iphone-11-pro-max.jpg,
emma-boys-lonely-ranger-phone-case,Emma Boys Lonely Ranger Phone Case,,DENY Emma Boys,Phone Case,"Emma Boys Lonely Ranger Phone Case,,at:lonely-ranger,ar:emma-boys,new-art,pc:Cream,sc:red,st:Modern,th:Western,ty:typography,phone-case,pro:phone-case,pmc:accessories,accessories,live,nonexclusive",TRUE,Style,Tough,Model,iPhone Xs Max,,,80342-phca20,22226.008,,0,deny,manual,49.0,49.0,TRUE,TRUE,80342-phca20,http://assets.denydesigns.com/web-assets/phone-case/emma-boys-lonely-ranger-tough-iphone-xs-max.jpg,
emma-boys-lonely-ranger-phone-case,Emma Boys Lonely Ranger Phone Case,,DENY Emma Boys,Phone Case,"Emma Boys Lonely Ranger Phone Case,,at:lonely-ranger,ar:emma-boys,new-art,pc:Cream,sc:red,st:Modern,th:Western,ty:typography,phone-case,pro:phone-case,pmc:accessories,accessories,live,nonexclusive",TRUE,Style,Tough,Model,iPhone Xr,,,80342-phca21,22226.008,,0,deny,manual,49.0,49.0,TRUE,TRUE,80342-phca21,http://assets.denydesigns.com/web-assets/phone-case/emma-boys-lonely-ranger-tough-iphone-xr.jpg,
emma-boys-lonely-ranger-phone-case,Emma Boys Lonely Ranger Phone Case,,DENY Emma Boys,Phone Case,"Emma Boys Lonely Ranger Phone Case,,at:lonely-ranger,ar:emma-boys,new-art,pc:Cream,sc:red,st:Modern,th:Western,ty:typography,phone-case,pro:phone-case,pmc:accessories,accessories,live,nonexclusive",TRUE,Style,Tough,Model,iPhone Xs,,,80342-phca22,22226.008,,0,deny,manual,49.0,49.0,TRUE,TRUE,80342-phca22,http://assets.denydesigns.com/web-assets/phone-case/emma-boys-lonely-ranger-tough-iphone-xs.jpg,
emma-boys-lonely-ranger-phone-case,Emma Boys Lonely Ranger Phone Case,,DENY Emma Boys,Phone Case,"Emma Boys Lonely Ranger Phone Case,,at:lonely-ranger,ar:emma-boys,new-art,pc:Cream,sc:red,st:Modern,th:Western,ty:typography,phone-case,pro:phone-case,pmc:accessories,accessories,live,nonexclusive",TRUE,Style,Tough,Model,iPhone 8 Plus,,,80342-phca23,22226.008,,0,deny,manual,49.0,49.0,TRUE,TRUE,80342-phca23,http://assets.denydesigns.com/web-assets/phone-case/emma-boys-lonely-ranger-tough-iphone-8-plus.jpg,
emma-boys-lonely-ranger-phone-case,Emma Boys Lonely Ranger Phone Case,,DENY Emma Boys,Phone Case,"Emma Boys Lonely Ranger Phone Case,,at:lonely-ranger,ar:emma-boys,new-art,pc:Cream,sc:red,st:Modern,th:Western,ty:typography,phone-case,pro:phone-case,pmc:accessories,accessories,live,nonexclusive",TRUE,Style,Tough,Model,iPhone 8,,,80342-phca24,22226.008,,0,deny,manual,49.0,49.0,TRUE,TRUE,80342-phca24,http://assets.denydesigns.com/web-assets/phone-case/emma-boys-lonely-ranger-tough-iphone-8.jpg,
emma-boys-lonely-ranger-phone-case,Emma Boys Lonely Ranger Phone Case,,DENY Emma Boys,Phone Case,"Emma Boys Lonely Ranger Phone Case,,at:lonely-ranger,ar:emma-boys,new-art,pc:Cream,sc:red,st:Modern,th:Western,ty:typography,phone-case,pro:phone-case,pmc:accessories,accessories,live,nonexclusive",TRUE,Style,Tough,Model,Galaxy s10,,,80342-phca28,22226.008,,0,deny,manual,49.0,49.0,TRUE,TRUE,80342-phca28,http://assets.denydesigns.com/web-assets/phone-case/emma-boys-lonely-ranger-tough-s10.jpg,
emma-boys-lonely-ranger-phone-case,Emma Boys Lonely Ranger Phone Case,,DENY Emma Boys,Phone Case,"Emma Boys Lonely Ranger Phone Case,,at:lonely-ranger,ar:emma-boys,new-art,pc:Cream,sc:red,st:Modern,th:Western,ty:typography,phone-case,pro:phone-case,pmc:accessories,accessories,live,nonexclusive",TRUE,Style,Tough,Model,Galaxy s20,,,80342-phca29,22226.008,,0,deny,manual,49.0,49.0,TRUE,TRUE,80342-phca29,http://assets.denydesigns.com/web-assets/phone-case/emma-boys-lonely-ranger-tough-s20.jpg,
emma-boys-lonely-ranger-phone-case,Emma Boys Lonely Ranger Phone Case,,DENY Emma Boys,Phone Case,"Emma Boys Lonely Ranger Phone Case,,at:lonely-ranger,ar:emma-boys,new-art,pc:Cream,sc:red,st:Modern,th:Western,ty:typography,phone-case,pro:phone-case,pmc:accessories,accessories,live,nonexclusive",TRUE,Style,Tough,Model,Pixel 3,,,80342-phca30,22226.008,,0,deny,manual,49.0,49.0,TRUE,TRUE,80342-phca30,http://assets.denydesigns.com/web-assets/phone-case/emma-boys-lonely-ranger-tough-pixel-3.jpg,
emma-boys-lonely-ranger-picnic-blanket,Emma Boys Lonely Ranger Picnic Blanket,,DENY Emma Boys,Picnic Blanket,"Emma Boys Lonely Ranger Picnic Blanket,,at:lonely-ranger,ar:emma-boys,new-art,pc:Cream,sc:red,st:Modern,th:Western,ty:typography,picnic-blanket,pro:picnic-blanket,outdoor,pmc:outdoor,live,nonexclusive",TRUE,Size,"50"" x 60""",,,,,80342-pcnbkt,44905.608,,0,deny,manual,99.0,99.0,TRUE,TRUE,80342-pcnbkt,http://assets.denydesigns.com/web-assets/picnic-blanket/emma-boys-lonely-ranger-white-bg.jpg,
emma-boys-lonely-ranger-picnic-blanket,,,,,,,,,,,,,,,,,,,,,,,,http://assets.denydesigns.com/web-assets/picnic-blanket/emma-boys-lonely-ranger-detail.jpg
emma-boys-lonely-ranger-picnic-blanket,,,,,,,,,,,,,,,,,,,,,,,,http://assets.denydesigns.com/web-assets/picnic-blanket/emma-boys-lonely-ranger-lifestyle.jpg
emma-boys-lonely-ranger-pillow-shams,Emma Boys Lonely Ranger Pillow Shams,,DENY Emma Boys,Pillow Shams,"Emma Boys Lonely Ranger Pillow Shams,DENY Designs,at:lonely-ranger,ar:emma-boys,new-art,pc:Cream,sc:red,st:Modern,th:Western,ty:typography,bed-bath,pillow-shams,pmc:bed-bath,pro:pillow-shams,live,nonexclusive",TRUE,Material,Cotton,Size,Standard,Product,Single Sham,80342-pscst1,17690.088,,0,deny,manual,39.0,39.0,TRUE,TRUE,80342-pscst1,http://assets.denydesigns.com/web-assets/sham/emma-boys-lonely-ranger-sham-whitebg.jpg,
emma-boys-lonely-ranger-pillow-shams,Emma Boys Lonely Ranger Pillow Shams,,DENY Emma Boys,Pillow Shams,"Emma Boys Lonely Ranger Pillow Shams,DENY Designs,at:lonely-ranger,ar:emma-boys,new-art,pc:Cream,sc:red,st:Modern,th:Western,ty:typography,bed-bath,pillow-shams,pmc:bed-bath,pro:pillow-shams,live,nonexclusive",TRUE,Material,Cotton,Size,King,Product,Single Sham,80342-pscki1,22226.008,,0,deny,manual,49.0,49.0,TRUE,TRUE,80342-pscki1,http://assets.denydesigns.com/web-assets/sham/emma-boys-lonely-ranger-sham-lifestyle.jpg,
emma-boys-lonely-ranger-pillow-shams,Emma Boys Lonely Ranger Pillow Shams,,DENY Emma Boys,Pillow Shams,"Emma Boys Lonely Ranger Pillow Shams,DENY Designs,at:lonely-ranger,ar:emma-boys,new-art,pc:Cream,sc:red,st:Modern,th:Western,ty:typography,bed-bath,pillow-shams,pmc:bed-bath,pro:pillow-shams,live,nonexclusive",TRUE,Material,Cotton,Size,Standard,Product,Sham Set,80342-pscst2,29483.48,,0,deny,manual,65.0,65.0,TRUE,TRUE,80342-pscst2,http://assets.denydesigns.com/web-assets/sham/emma-boys-lonely-ranger-sham-detail.jpg,
emma-boys-lonely-ranger-pillow-shams,Emma Boys Lonely Ranger Pillow Shams,,DENY Emma Boys,Pillow Shams,"Emma Boys Lonely Ranger Pillow Shams,DENY Designs,at:lonely-ranger,ar:emma-boys,new-art,pc:Cream,sc:red,st:Modern,th:Western,ty:typography,bed-bath,pillow-shams,pmc:bed-bath,pro:pillow-shams,live,nonexclusive",TRUE,Material,Cotton,Size,King,Product,Sham Set,80342-pscki2,31297.848,,0,deny,manual,69.0,69.0,TRUE,TRUE,80342-pscki2,http://assets.denydesigns.com/web-assets/sham/emma-boys-lonely-ranger-sham-king-whitebg.jpg,
emma-boys-lonely-ranger-pillow-shams,Emma Boys Lonely Ranger Pillow Shams,,DENY Emma Boys,Pillow Shams,"Emma Boys Lonely Ranger Pillow Shams,DENY Designs,at:lonely-ranger,ar:emma-boys,new-art,pc:Cream,sc:red,st:Modern,th:Western,ty:typography,bed-bath,pillow-shams,pmc:bed-bath,pro:pillow-shams,live,nonexclusive",TRUE,Material,Polyester,Size,Standard,Product,Single Sham,80342-wpilqu,13154.168,,0,deny,manual,29.0,29.0,TRUE,TRUE,80342-wpilqu,http://assets.denydesigns.com/web-assets/sham/emma-boys-lonely-ranger-sham-king-lifestyle.jpg,
emma-boys-lonely-ranger-pillow-shams,Emma Boys Lonely Ranger Pillow Shams,,DENY Emma Boys,Pillow Shams,"Emma Boys Lonely Ranger Pillow Shams,DENY Designs,at:lonely-ranger,ar:emma-boys,new-art,pc:Cream,sc:red,st:Modern,th:Western,ty:typography,bed-bath,pillow-shams,pmc:bed-bath,pro:pillow-shams,live,nonexclusive",TRUE,Material,Polyester,Size,King,Product,Single Sham,80342-wpilki,17690.088,,0,deny,manual,39.0,39.0,TRUE,TRUE,80342-wpilki,http://assets.denydesigns.com/web-assets/sham/emma-boys-lonely-ranger-sham-king-detail.jpg,
emma-boys-lonely-ranger-pillow-shams,Emma Boys Lonely Ranger Pillow Shams,,DENY Emma Boys,Pillow Shams,"Emma Boys Lonely Ranger Pillow Shams,DENY Designs,at:lonely-ranger,ar:emma-boys,new-art,pc:Cream,sc:red,st:Modern,th:Western,ty:typography,bed-bath,pillow-shams,pmc:bed-bath,pro:pillow-shams,live,nonexclusive",TRUE,Material,Polyester,Size,Standard,Product,Sham Set,80342-wplqkt,24947.56,,0,deny,manual,55.0,55.0,TRUE,TRUE,80342-wplqkt,,
emma-boys-lonely-ranger-pillow-shams,Emma Boys Lonely Ranger Pillow Shams,,DENY Emma Boys,Pillow Shams,"Emma Boys Lonely Ranger Pillow Shams,DENY Designs,at:lonely-ranger,ar:emma-boys,new-art,pc:Cream,sc:red,st:Modern,th:Western,ty:typography,bed-bath,pillow-shams,pmc:bed-bath,pro:pillow-shams,live,nonexclusive",TRUE,Material,Polyester,Size,King,Product,Sham Set,80342-wplkkt,26761.928,,0,deny,manual,59.0,59.0,TRUE,TRUE,80342-wplkkt,,
emma-boys-lonely-ranger-fleece-throw-blanket,Emma Boys Lonely Ranger Fleece Throw Blanket,,DENY Emma Boys,Fleece Throw Blanket,"Emma Boys Lonely Ranger Fleece Throw Blanket,,at:lonely-ranger,ar:emma-boys,new-art,pc:Cream,sc:red,st:Modern,th:Western,ty:typography,accessories,fleece-throw-blankets,coupon,pmc:accessories,pro:fleece-throw-blankets,coupon2,live,nonexclusive",TRUE,Size,"Medium 60"" x 50""",,,,,80342-sflmed,35833.768,,0,deny,manual,79.0,79.0,TRUE,TRUE,80342-sflmed,http://assets.denydesigns.com/web-assets/sherpa-blanket/emma-boys-lonely-ranger-sherpa-blanket-lifestyle.jpg,
emma-boys-lonely-ranger-fleece-throw-blanket,Emma Boys Lonely Ranger Fleece Throw Blanket,,DENY Emma Boys,Fleece Throw Blanket,"Emma Boys Lonely Ranger Fleece Throw Blanket,,at:lonely-ranger,ar:emma-boys,new-art,pc:Cream,sc:red,st:Modern,th:Western,ty:typography,accessories,fleece-throw-blankets,coupon,pmc:accessories,pro:fleece-throw-blankets,coupon2,live,nonexclusive",TRUE,Size,"Large 80"" x 60""",,,,,80342-sfllar,44905.608,,0,deny,manual,99.0,99.0,TRUE,TRUE,80342-sfllar,http://assets.denydesigns.com/web-assets/sherpa-blanket/emma-boys-lonely-ranger-sherpa-blanket-detail.jpg,
emma-boys-lonely-ranger-shower-curtain-and-mat,Emma Boys Lonely Ranger Shower Curtain And Mat,,DENY Emma Boys,Shower Curtain And Mat,"Emma Boys Lonely Ranger Shower Curtain And Mat,,at:lonely-ranger,ar:emma-boys,new-art,pc:Cream,sc:red,st:Modern,th:Western,ty:typography,bed-bath,shower-curtain-and-mat,pmc:bed-bath,pro:shower-curtain-and-mat,live,nonexclusive",TRUE,Bath Mat Size,Standard Set,,,,,80342-showb1,69853.168,,0,deny,manual,154.0,154.0,TRUE,TRUE,80342-showb1,http://assets.denydesigns.com/web-assets/shower-curtain/emma-boys-lonely-ranger-shower-curtain-with-mat-v1.jpg,
emma-boys-lonely-ranger-shower-curtain,Emma Boys Lonely Ranger Shower Curtain,,DENY Emma Boys,Shower Curtain,"Emma Boys Lonely Ranger Shower Curtain,,at:lonely-ranger,ar:emma-boys,new-art,pc:Cream,sc:red,st:Modern,th:Western,ty:typography,bed-bath,shower-curtains,coupon,pmc:bed-bath,pro:shower-curtains,more-products,coupon2,live,nonexclusive",TRUE,Size,"Standard 71""x74""",,,,,80342-shocur,40369.688,,0,deny,manual,89.0,89.0,TRUE,TRUE,80342-shocur,http://assets.denydesigns.com/web-assets/shower-curtain/emma-boys-lonely-ranger-shower-curtain-whitebg.jpg,
emma-boys-lonely-ranger-shower-curtain,Emma Boys Lonely Ranger Shower Curtain,,DENY Emma Boys,Shower Curtain,"Emma Boys Lonely Ranger Shower Curtain,,at:lonely-ranger,ar:emma-boys,new-art,pc:Cream,sc:red,st:Modern,th:Western,ty:typography,bed-bath,shower-curtains,coupon,pmc:bed-bath,pro:shower-curtains,more-products,coupon2,live,nonexclusive",TRUE,Size,"Standard 71""x74"" with Rings",,,,,80342-shocri,44905.608,,0,deny,manual,99.0,99.0,TRUE,TRUE,80342-shocri,http://assets.denydesigns.com/web-assets/shower-curtain/emma-boys-lonely-ranger-shower-curtain-lifestyle.jpg,
emma-boys-lonely-ranger-shower-curtain,Emma Boys Lonely Ranger Shower Curtain,,DENY Emma Boys,Shower Curtain,"Emma Boys Lonely Ranger Shower Curtain,,at:lonely-ranger,ar:emma-boys,new-art,pc:Cream,sc:red,st:Modern,th:Western,ty:typography,bed-bath,shower-curtains,coupon,pmc:bed-bath,pro:shower-curtains,more-products,coupon2,live,nonexclusive",TRUE,Size,"Standard 71""x74"" with Liner",,,,,80342-shocli,44905.608,,0,deny,manual,99.0,99.0,TRUE,TRUE,80342-shocli,http://assets.denydesigns.com/web-assets/art-thumbnail/emma-boys-lonely-ranger.jpg,
emma-boys-lonely-ranger-shower-curtain,Emma Boys Lonely Ranger Shower Curtain,,DENY Emma Boys,Shower Curtain,"Emma Boys Lonely Ranger Shower Curtain,,at:lonely-ranger,ar:emma-boys,new-art,pc:Cream,sc:red,st:Modern,th:Western,ty:typography,bed-bath,shower-curtains,coupon,pmc:bed-bath,pro:shower-curtains,more-products,coupon2,live,nonexclusive",TRUE,Size,"Standard 71""x74"" with Liner and Rings",,,,,80342-shocrl,49441.528,,0,deny,manual,109.0,109.0,TRUE,TRUE,80342-shocrl,,
emma-boys-lonely-ranger-tapestry,Emma Boys Lonely Ranger Tapestry,,DENY Emma Boys,Tapestry,"Emma Boys Lonely Ranger Tapestry,DENY Designs,at:lonely-ranger,ar:emma-boys,new-art,pc:Cream,sc:red,st:Modern,th:Western,ty:typography,coupon,wall,pmc:wall,tapestry,pro:tapestry,live,nonexclusive",TRUE,Size,"Small 17"" x 27""",,,,,80342-tapxs1,8618.25,,0,deny,manual,19.0,19.0,TRUE,TRUE,80342-tapxs1,http://assets.denydesigns.com/web-assets/tapestry-v3/emma-boys-lonely-ranger-tapestry-v3.jpg,
emma-boys-lonely-ranger-tapestry,Emma Boys Lonely Ranger Tapestry,,DENY Emma Boys,Tapestry,"Emma Boys Lonely Ranger Tapestry,DENY Designs,at:lonely-ranger,ar:emma-boys,new-art,pc:Cream,sc:red,st:Modern,th:Western,ty:typography,coupon,wall,pmc:wall,tapestry,pro:tapestry,live,nonexclusive",TRUE,Size,"Medium 34"" x 40""",,,,,80342-tapxs2,17690.09,,0,deny,manual,39.0,39.0,TRUE,TRUE,80342-tapxs2,http://assets.denydesigns.com/web-assets/tapestry-v3/emma-boys-lonely-ranger-tapestry-lifestyle-v3.jpg,
emma-boys-lonely-ranger-tapestry,Emma Boys Lonely Ranger Tapestry,,DENY Emma Boys,Tapestry,"Emma Boys Lonely Ranger Tapestry,DENY Designs,at:lonely-ranger,ar:emma-boys,new-art,pc:Cream,sc:red,st:Modern,th:Western,ty:typography,coupon,wall,pmc:wall,tapestry,pro:tapestry,live,nonexclusive",TRUE,Size,"Large 50"" x 60""",,,,,80342-tapsma,22226.008,,0,deny,manual,49.0,49.0,TRUE,TRUE,80342-tapsma,http://assets.denydesigns.com/web-assets/tapestry-v3/emma-boys-lonely-ranger-tapestry-lifestyle-2-v3.jpg,
emma-boys-lonely-ranger-tapestry,Emma Boys Lonely Ranger Tapestry,,DENY Emma Boys,Tapestry,"Emma Boys Lonely Ranger Tapestry,DENY Designs,at:lonely-ranger,ar:emma-boys,new-art,pc:Cream,sc:red,st:Modern,th:Western,ty:typography,coupon,wall,pmc:wall,tapestry,pro:tapestry,live,nonexclusive",TRUE,Size,"Extra Large 60"" x 80""",,,,,80342-tapmed,31297.848,,0,deny,manual,69.0,69.0,TRUE,TRUE,80342-tapmed,http://assets.denydesigns.com/web-assets/tapestry-v3/emma-boys-lonely-ranger-tapestry-backside.jpg,
emma-boys-lonely-ranger-throw-pillow,Emma Boys Lonely Ranger Throw Pillow,,DENY Emma Boys,Throw Pillow,"Emma Boys Lonely Ranger Throw Pillow,DENY Designs,at:lonely-ranger,ar:emma-boys,new-art,pc:Cream,sc:red,st:Modern,th:Western,ty:typography,throw-pillows,pro:throw-pillows,more-products,pillows,pmc:pillows,live,nonexclusive",TRUE,Style,Indoor,Select Your Size,"16"" x 16""",Select Your Option,Pillow Cover With Insert,80342-thrpi10,17690.088,,0,deny,manual,39.0,39.0,TRUE,TRUE,80342-thrpi10,http://assets.denydesigns.com/web-assets/throw-pillow/emma-boys-lonely-ranger-throw-pillow-whitebg.jpg,
emma-boys-lonely-ranger-throw-pillow,Emma Boys Lonely Ranger Throw Pillow,,DENY Emma Boys,Throw Pillow,"Emma Boys Lonely Ranger Throw Pillow,DENY Designs,at:lonely-ranger,ar:emma-boys,new-art,pc:Cream,sc:red,st:Modern,th:Western,ty:typography,throw-pillows,pro:throw-pillows,more-products,pillows,pmc:pillows,live,nonexclusive",TRUE,Style,Indoor,Select Your Size,"18"" x 18""",Select Your Option,Pillow Cover With Insert,80342-thrpi7,20411.64,,0,deny,manual,45.0,45.0,TRUE,TRUE,80342-thrpi7,http://assets.denydesigns.com/web-assets/throw-pillow/emma-boys-lonely-ranger-throw-pillows-lifestyle-chair.jpg,
emma-boys-lonely-ranger-throw-pillow,Emma Boys Lonely Ranger Throw Pillow,,DENY Emma Boys,Throw Pillow,"Emma Boys Lonely Ranger Throw Pillow,DENY Designs,at:lonely-ranger,ar:emma-boys,new-art,pc:Cream,sc:red,st:Modern,th:Western,ty:typography,throw-pillows,pro:throw-pillows,more-products,pillows,pmc:pillows,live,nonexclusive",TRUE,Style,Indoor,Select Your Size,"20"" x 20""",Select Your Option,Pillow Cover With Insert,80342-thrpi1,22226.008,,0,deny,manual,49.0,49.0,TRUE,TRUE,80342-thrpi1,http://assets.denydesigns.com/web-assets/throw-pillow/emma-boys-lonely-ranger-throw-pillow-detail.jpg,
emma-boys-lonely-ranger-throw-pillow,Emma Boys Lonely Ranger Throw Pillow,,DENY Emma Boys,Throw Pillow,"Emma Boys Lonely Ranger Throw Pillow,DENY Designs,at:lonely-ranger,ar:emma-boys,new-art,pc:Cream,sc:red,st:Modern,th:Western,ty:typography,throw-pillows,pro:throw-pillows,more-products,pillows,pmc:pillows,live,nonexclusive",TRUE,Style,Indoor,Select Your Size,"26"" x 26""",Select Your Option,Pillow Cover With Insert,80342-thrpi4,31297.848,,0,deny,manual,69.0,69.0,TRUE,TRUE,80342-thrpi4,http://assets.denydesigns.com/web-assets/throw-pillow/emma-boys-lonely-ranger-throw-pillows-stacked.jpg,
emma-boys-lonely-ranger-throw-pillow,Emma Boys Lonely Ranger Throw Pillow,,DENY Emma Boys,Throw Pillow,"Emma Boys Lonely Ranger Throw Pillow,DENY Designs,at:lonely-ranger,ar:emma-boys,new-art,pc:Cream,sc:red,st:Modern,th:Western,ty:typography,throw-pillows,pro:throw-pillows,more-products,pillows,pmc:pillows,live,nonexclusive",TRUE,Style,Indoor,Select Your Size,"16"" x 16""",Select Your Option,Pillow Cover Only,80342-thr10s,15875.72,,0,deny,manual,35.0,35.0,TRUE,TRUE,80342-thr10s,http://assets.denydesigns.com/web-assets/throw-pillow/emma-boys-lonely-ranger-throw-pillow-sizes.jpg,
emma-boys-lonely-ranger-throw-pillow,Emma Boys Lonely Ranger Throw Pillow,,DENY Emma Boys,Throw Pillow,"Emma Boys Lonely Ranger Throw Pillow,DENY Designs,at:lonely-ranger,ar:emma-boys,new-art,pc:Cream,sc:red,st:Modern,th:Western,ty:typography,throw-pillows,pro:throw-pillows,more-products,pillows,pmc:pillows,live,nonexclusive",TRUE,Style,Indoor,Select Your Size,"18"" x 18""",Select Your Option,Pillow Cover Only,80342-thrp7s,18143.68,,0,deny,manual,40.0,40.0,TRUE,TRUE,80342-thrp7s,,
emma-boys-lonely-ranger-throw-pillow,Emma Boys Lonely Ranger Throw Pillow,,DENY Emma Boys,Throw Pillow,"Emma Boys Lonely Ranger Throw Pillow,DENY Designs,at:lonely-ranger,ar:emma-boys,new-art,pc:Cream,sc:red,st:Modern,th:Western,ty:typography,throw-pillows,pro:throw-pillows,more-products,pillows,pmc:pillows,live,nonexclusive",TRUE,Style,Indoor,Select Your Size,"20"" x 20""",Select Your Option,Pillow Cover Only,80342-thrp1s,20411.64,,0,deny,manual,45.0,45.0,TRUE,TRUE,80342-thrp1s,,
emma-boys-lonely-ranger-throw-pillow,Emma Boys Lonely Ranger Throw Pillow,,DENY Emma Boys,Throw Pillow,"Emma Boys Lonely Ranger Throw Pillow,DENY Designs,at:lonely-ranger,ar:emma-boys,new-art,pc:Cream,sc:red,st:Modern,th:Western,ty:typography,throw-pillows,pro:throw-pillows,more-products,pillows,pmc:pillows,live,nonexclusive",TRUE,Style,Indoor,Select Your Size,"26"" x 26""",Select Your Option,Pillow Cover Only,80342-thrp4s,29483.48,,0,deny,manual,65.0,65.0,TRUE,TRUE,80342-thrp4s,,
emma-boys-lonely-ranger-rectangular-tray,Emma Boys Lonely Ranger Rectangular Tray,,DENY Emma Boys,Rectangular Tray,"Emma Boys Lonely Ranger Rectangular Tray,,at:lonely-ranger,ar:emma-boys,new-art,pc:Cream,sc:red,st:Modern,th:Western,ty:typography,accessories,trays,rectangular-trays,coupon,outdoor,pmc:accessories,psc:trays,pro:rectangular-trays,coupon2,live,nonexclusive",TRUE,Size,L,,,,,80342-trecla,26761.928,,0,deny,manual,59.0,59.0,TRUE,TRUE,80342-trecla,http://assets.denydesigns.com/web-assets/tray-rectangle/emma-boys-lonely-ranger-rectangle-tray-top.jpg,
emma-boys-lonely-ranger-rectangular-tray,Emma Boys Lonely Ranger Rectangular Tray,,DENY Emma Boys,Rectangular Tray,"Emma Boys Lonely Ranger Rectangular Tray,,at:lonely-ranger,ar:emma-boys,new-art,pc:Cream,sc:red,st:Modern,th:Western,ty:typography,accessories,trays,rectangular-trays,coupon,outdoor,pmc:accessories,psc:trays,pro:rectangular-trays,coupon2,live,nonexclusive",TRUE,Size,XL,,,,,80342-trecxl,35833.768,,0,deny,manual,79.0,79.0,TRUE,TRUE,80342-trecxl,http://assets.denydesigns.com/web-assets/tray-rectangle/emma-boys-lonely-ranger-rectangle-tray-top-ottoman.jpg,
emma-boys-lonely-ranger-rectangular-tray,,,,,,,,,,,,,,,,,,,,,,,,http://assets.denydesigns.com/web-assets/tray-rectangle/emma-boys-lonely-ranger-rectangle-tray-xl-coffee-table.jpg
emma-boys-lonely-ranger-travel-mug,Emma Boys Lonely Ranger Travel Mug,,DENY Emma Boys,Travel Mug,"Emma Boys Lonely Ranger Travel Mug,,at:lonely-ranger,ar:emma-boys,new-art,pc:Cream,sc:red,st:Modern,th:Western,ty:typography,travel-mug,accessories,pmc:accessories,pro:travel-mug,live,nonexclusive",TRUE,Size,20oz,,,,,80342-trvlmg,17690.088,,0,deny,manual,39.0,39.0,TRUE,TRUE,80342-trvlmg,http://assets.denydesigns.com/web-assets/travel-mug/emma-boys-lonely-ranger-travel-mug.jpg,
emma-boys-lonely-ranger-travel-mug,,,,,,,,,,,,,,,,,,,,,,,,http://assets.denydesigns.com/web-assets/travel-mug/emma-boys-lonely-ranger-travel-mug-right.jpg
emma-boys-lonely-ranger-travel-mug,,,,,,,,,,,,,,,,,,,,,,,,http://assets.denydesigns.com/web-assets/travel-mug/emma-boys-lonely-ranger-travel-mug-left.jpg
emma-boys-lonely-ranger-travel-mug,,,,,,,,,,,,,,,,,,,,,,,,http://assets.denydesigns.com/web-assets/travel-mug/emma-boys-lonely-ranger-travel-mug-top.jpg
emma-boys-lonely-ranger-square-tray,Emma Boys Lonely Ranger Square Tray,,DENY Emma Boys,Square Tray,"Emma Boys Lonely Ranger Square Tray,DENY Designs,at:lonely-ranger,ar:emma-boys,new-art,pc:Cream,sc:red,st:Modern,th:Western,ty:typography,accessories,trays,square-trays,coupon,outdoor,pmc:accessories,psc:trays,pro:square-trays,more-products,coupon2,live,nonexclusive",TRUE,Size,M,,,,,80342-tsqumd,17690.088,,0,deny,manual,39.0,39.0,TRUE,TRUE,80342-tsqumd,http://assets.denydesigns.com/web-assets/tray-square/emma-boys-lonely-ranger-square-tray-top.jpg,
emma-boys-lonely-ranger-square-tray,Emma Boys Lonely Ranger Square Tray,,DENY Emma Boys,Square Tray,"Emma Boys Lonely Ranger Square Tray,DENY Designs,at:lonely-ranger,ar:emma-boys,new-art,pc:Cream,sc:red,st:Modern,th:Western,ty:typography,accessories,trays,square-trays,coupon,outdoor,pmc:accessories,psc:trays,pro:square-trays,more-products,coupon2,live,nonexclusive",TRUE,Size,L,,,,,80342-tsqula,26761.928,,0,deny,manual,59.0,59.0,TRUE,TRUE,80342-tsqula,http://assets.denydesigns.com/web-assets/tray-square/emma-boys-lonely-ranger-square-tray-desk-perspective.jpg,
emma-boys-lonely-ranger-water-bottle,Emma Boys Lonely Ranger Water Bottle,,DENY Emma Boys,Water Bottle,"Emma Boys Lonely Ranger Water Bottle,,at:lonely-ranger,ar:emma-boys,new-art,pc:Cream,sc:red,st:Modern,th:Western,ty:typography,water-bottle,pro:water-bottle,pmc:accessories,accessories,live,nonexclusive",TRUE,Size,12 oz (356 ml),Lid Type,Sport,,,80342-wbtl01,20411.64,,0,deny,manual,45.0,45.0,TRUE,TRUE,80342-wbtl01,http://assets.denydesigns.com/web-assets/water-bottle/emma-boys-lonely-ranger-12oz-whitebg-sport-front.jpg,
emma-boys-lonely-ranger-water-bottle,Emma Boys Lonely Ranger Water Bottle,,DENY Emma Boys,Water Bottle,"Emma Boys Lonely Ranger Water Bottle,,at:lonely-ranger,ar:emma-boys,new-art,pc:Cream,sc:red,st:Modern,th:Western,ty:typography,water-bottle,pro:water-bottle,pmc:accessories,accessories,live,nonexclusive",TRUE,Size,12 oz (356 ml),Lid Type,Straw,,,80342-wbtl02,20411.64,,0,deny,manual,45.0,45.0,TRUE,TRUE,80342-wbtl02,http://assets.denydesigns.com/web-assets/water-bottle/emma-boys-lonely-ranger-12oz-whitebg-sport-left.jpg,
emma-boys-lonely-ranger-water-bottle,Emma Boys Lonely Ranger Water Bottle,,DENY Emma Boys,Water Bottle,"Emma Boys Lonely Ranger Water Bottle,,at:lonely-ranger,ar:emma-boys,new-art,pc:Cream,sc:red,st:Modern,th:Western,ty:typography,water-bottle,pro:water-bottle,pmc:accessories,accessories,live,nonexclusive",TRUE,Size,12 oz (356 ml),Lid Type,Handle,,,80342-wbtl03,20411.64,,0,deny,manual,45.0,45.0,TRUE,TRUE,80342-wbtl03,http://assets.denydesigns.com/web-assets/water-bottle/emma-boys-lonely-ranger-12oz-whitebg-sport-right.jpg,
emma-boys-lonely-ranger-water-bottle,Emma Boys Lonely Ranger Water Bottle,,DENY Emma Boys,Water Bottle,"Emma Boys Lonely Ranger Water Bottle,,at:lonely-ranger,ar:emma-boys,new-art,pc:Cream,sc:red,st:Modern,th:Western,ty:typography,water-bottle,pro:water-bottle,pmc:accessories,accessories,live,nonexclusive",TRUE,Size,18 oz (532 ml),Lid Type,Sport,,,80342-wbtl04,22226.008,,0,deny,manual,49.0,49.0,TRUE,TRUE,80342-wbtl04,http://assets.denydesigns.com/web-assets/water-bottle/emma-boys-lonely-ranger-12oz-lifestyle-sport.jpg,
emma-boys-lonely-ranger-water-bottle,Emma Boys Lonely Ranger Water Bottle,,DENY Emma Boys,Water Bottle,"Emma Boys Lonely Ranger Water Bottle,,at:lonely-ranger,ar:emma-boys,new-art,pc:Cream,sc:red,st:Modern,th:Western,ty:typography,water-bottle,pro:water-bottle,pmc:accessories,accessories,live,nonexclusive",TRUE,Size,18 oz (532 ml),Lid Type,Straw,,,80342-wbtl05,22226.008,,0,deny,manual,49.0,49.0,TRUE,TRUE,80342-wbtl05,http://assets.denydesigns.com/web-assets/water-bottle/emma-boys-lonely-ranger-12oz-whitebg-straw-front.jpg,
emma-boys-lonely-ranger-water-bottle,Emma Boys Lonely Ranger Water Bottle,,DENY Emma Boys,Water Bottle,"Emma Boys Lonely Ranger Water Bottle,,at:lonely-ranger,ar:emma-boys,new-art,pc:Cream,sc:red,st:Modern,th:Western,ty:typography,water-bottle,pro:water-bottle,pmc:accessories,accessories,live,nonexclusive",TRUE,Size,18 oz (532 ml),Lid Type,Handle,,,80342-wbtl06,22226.008,,0,deny,manual,49.0,49.0,TRUE,TRUE,80342-wbtl06,http://assets.denydesigns.com/web-assets/water-bottle/emma-boys-lonely-ranger-12oz-whitebg-straw-left.jpg,
emma-boys-lonely-ranger-water-bottle,Emma Boys Lonely Ranger Water Bottle,,DENY Emma Boys,Water Bottle,"Emma Boys Lonely Ranger Water Bottle,,at:lonely-ranger,ar:emma-boys,new-art,pc:Cream,sc:red,st:Modern,th:Western,ty:typography,water-bottle,pro:water-bottle,pmc:accessories,accessories,live,nonexclusive",TRUE,Size,32 oz (946 ml),Lid Type,Sport,,,80342-wbtl07,24947.56,,0,deny,manual,55.0,55.0,TRUE,TRUE,80342-wbtl07,http://assets.denydesigns.com/web-assets/water-bottle/emma-boys-lonely-ranger-12oz-whitebg-straw-right.jpg,
emma-boys-lonely-ranger-water-bottle,Emma Boys Lonely Ranger Water Bottle,,DENY Emma Boys,Water Bottle,"Emma Boys Lonely Ranger Water Bottle,,at:lonely-ranger,ar:emma-boys,new-art,pc:Cream,sc:red,st:Modern,th:Western,ty:typography,water-bottle,pro:water-bottle,pmc:accessories,accessories,live,nonexclusive",TRUE,Size,32 oz (946 ml),Lid Type,Straw,,,80342-wbtl08,24947.56,,0,deny,manual,55.0,55.0,TRUE,TRUE,80342-wbtl08,http://assets.denydesigns.com/web-assets/water-bottle/emma-boys-lonely-ranger-12oz-lifestyle-straw.jpg,
emma-boys-lonely-ranger-water-bottle,Emma Boys Lonely Ranger Water Bottle,,DENY Emma Boys,Water Bottle,"Emma Boys Lonely Ranger Water Bottle,,at:lonely-ranger,ar:emma-boys,new-art,pc:Cream,sc:red,st:Modern,th:Western,ty:typography,water-bottle,pro:water-bottle,pmc:accessories,accessories,live,nonexclusive",TRUE,Size,32 oz (946 ml),Lid Type,Handle,,,80342-wbtl09,24947.56,,0,deny,manual,55.0,55.0,TRUE,TRUE,80342-wbtl09,http://assets.denydesigns.com/web-assets/water-bottle/emma-boys-lonely-ranger-12oz-whitebg-handle-front.jpg,
emma-boys-lonely-ranger-water-bottle,,,,,,,,,,,,,,,,,,,,,,,,http://assets.denydesigns.com/web-assets/water-bottle/emma-boys-lonely-ranger-12oz-whitebg-handle-left.jpg
emma-boys-lonely-ranger-water-bottle,,,,,,,,,,,,,,,,,,,,,,,,http://assets.denydesigns.com/web-assets/water-bottle/emma-boys-lonely-ranger-12oz-whitebg-handle-right.jpg
emma-boys-lonely-ranger-water-bottle,,,,,,,,,,,,,,,,,,,,,,,,http://assets.denydesigns.com/web-assets/water-bottle/emma-boys-lonely-ranger-12oz-lifestyle-handle.jpg
emma-boys-lonely-ranger-water-bottle,,,,,,,,,,,,,,,,,,,,,,,,http://assets.denydesigns.com/web-assets/water-bottle/emma-boys-lonely-ranger-18oz-whitebg-sport-front.jpg
emma-boys-lonely-ranger-water-bottle,,,,,,,,,,,,,,,,,,,,,,,,http://assets.denydesigns.com/web-assets/water-bottle/emma-boys-lonely-ranger-18oz-whitebg-sport-left.jpg
emma-boys-lonely-ranger-water-bottle,,,,,,,,,,,,,,,,,,,,,,,,http://assets.denydesigns.com/web-assets/water-bottle/emma-boys-lonely-ranger-18oz-whitebg-sport-right.jpg
emma-boys-lonely-ranger-water-bottle,,,,,,,,,,,,,,,,,,,,,,,,http://assets.denydesigns.com/web-assets/water-bottle/emma-boys-lonely-ranger-18oz-lifestyle-sport.jpg
emma-boys-lonely-ranger-water-bottle,,,,,,,,,,,,,,,,,,,,,,,,http://assets.denydesigns.com/web-assets/water-bottle/emma-boys-lonely-ranger-18oz-whitebg-straw-front.jpg
emma-boys-lonely-ranger-water-bottle,,,,,,,,,,,,,,,,,,,,,,,,http://assets.denydesigns.com/web-assets/water-bottle/emma-boys-lonely-ranger-18oz-whitebg-straw-left.jpg
emma-boys-lonely-ranger-water-bottle,,,,,,,,,,,,,,,,,,,,,,,,http://assets.denydesigns.com/web-assets/water-bottle/emma-boys-lonely-ranger-18oz-whitebg-straw-right.jpg
emma-boys-lonely-ranger-water-bottle,,,,,,,,,,,,,,,,,,,,,,,,http://assets.denydesigns.com/web-assets/water-bottle/emma-boys-lonely-ranger-18oz-lifestyle-straw.jpg
emma-boys-lonely-ranger-water-bottle,,,,,,,,,,,,,,,,,,,,,,,,http://assets.denydesigns.com/web-assets/water-bottle/emma-boys-lonely-ranger-18oz-whitebg-handle-front.jpg
emma-boys-lonely-ranger-water-bottle,,,,,,,,,,,,,,,,,,,,,,,,http://assets.denydesigns.com/web-assets/water-bottle/emma-boys-lonely-ranger-18oz-whitebg-handle-left.jpg
emma-boys-lonely-ranger-water-bottle,,,,,,,,,,,,,,,,,,,,,,,,http://assets.denydesigns.com/web-assets/water-bottle/emma-boys-lonely-ranger-18oz-whitebg-handle-right.jpg
emma-boys-lonely-ranger-water-bottle,,,,,,,,,,,,,,,,,,,,,,,,http://assets.denydesigns.com/web-assets/water-bottle/emma-boys-lonely-ranger-18oz-lifestyle-handle.jpg
emma-boys-lonely-ranger-water-bottle,,,,,,,,,,,,,,,,,,,,,,,,http://assets.denydesigns.com/web-assets/water-bottle/emma-boys-lonely-ranger-32oz-whitebg-sport-front.jpg
emma-boys-lonely-ranger-water-bottle,,,,,,,,,,,,,,,,,,,,,,,,http://assets.denydesigns.com/web-assets/water-bottle/emma-boys-lonely-ranger-32oz-whitebg-sport-left.jpg
emma-boys-lonely-ranger-water-bottle,,,,,,,,,,,,,,,,,,,,,,,,http://assets.denydesigns.com/web-assets/water-bottle/emma-boys-lonely-ranger-32oz-whitebg-sport-right.jpg
emma-boys-lonely-ranger-water-bottle,,,,,,,,,,,,,,,,,,,,,,,,http://assets.denydesigns.com/web-assets/water-bottle/emma-boys-lonely-ranger-32oz-lifestyle-sport.jpg
emma-boys-lonely-ranger-water-bottle,,,,,,,,,,,,,,,,,,,,,,,,http://assets.denydesigns.com/web-assets/water-bottle/emma-boys-lonely-ranger-32oz-whitebg-straw-front.jpg
emma-boys-lonely-ranger-water-bottle,,,,,,,,,,,,,,,,,,,,,,,,http://assets.denydesigns.com/web-assets/water-bottle/emma-boys-lonely-ranger-32oz-whitebg-straw-left.jpg
emma-boys-lonely-ranger-water-bottle,,,,,,,,,,,,,,,,,,,,,,,,http://assets.denydesigns.com/web-assets/water-bottle/emma-boys-lonely-ranger-32oz-whitebg-straw-right.jpg
emma-boys-lonely-ranger-water-bottle,,,,,,,,,,,,,,,,,,,,,,,,http://assets.denydesigns.com/web-assets/water-bottle/emma-boys-lonely-ranger-32oz-lifestyle-straw.jpg
emma-boys-lonely-ranger-water-bottle,,,,,,,,,,,,,,,,,,,,,,,,http://assets.denydesigns.com/web-assets/water-bottle/emma-boys-lonely-ranger-32oz-whitebg-handle-front.jpg
emma-boys-lonely-ranger-water-bottle,,,,,,,,,,,,,,,,,,,,,,,,http://assets.denydesigns.com/web-assets/water-bottle/emma-boys-lonely-ranger-32oz-whitebg-handle-left.jpg
emma-boys-lonely-ranger-water-bottle,,,,,,,,,,,,,,,,,,,,,,,,http://assets.denydesigns.com/web-assets/water-bottle/emma-boys-lonely-ranger-32oz-whitebg-handle-right.jpg
emma-boys-lonely-ranger-water-bottle,,,,,,,,,,,,,,,,,,,,,,,,http://assets.denydesigns.com/web-assets/water-bottle/emma-boys-lonely-ranger-32oz-lifestyle-handle.jpg
emma-boys-lonely-ranger-welcome-mat,Emma Boys Lonely Ranger Welcome Mat,,DENY Emma Boys,Welcome Mat,"Emma Boys Lonely Ranger Welcome Mat,,at:lonely-ranger,ar:emma-boys,new-art,pc:Cream,sc:red,st:Modern,th:Western,ty:typography,outdoor,pmc:outdoor,pro:welcome-mat,welcome-mat,live,nonexclusive",TRUE,Size,"20"" x 30""",,,,,80342-wcmats,26761.928,,0,deny,manual,59.0,59.0,TRUE,TRUE,80342-wcmats,http://assets.denydesigns.com/web-assets/welcome-mats/emma-boys-lonely-ranger-welcome-mat-white-background-small.jpg,
emma-boys-lonely-ranger-welcome-mat,Emma Boys Lonely Ranger Welcome Mat,,DENY Emma Boys,Welcome Mat,"Emma Boys Lonely Ranger Welcome Mat,,at:lonely-ranger,ar:emma-boys,new-art,pc:Cream,sc:red,st:Modern,th:Western,ty:typography,outdoor,pmc:outdoor,pro:welcome-mat,welcome-mat,live,nonexclusive",TRUE,Size,"24"" x 36""",,,,,80342-wcmatl,31297.848,,0,deny,manual,69.0,69.0,TRUE,TRUE,80342-wcmatl,http://assets.denydesigns.com/web-assets/welcome-mats/emma-boys-lonely-ranger-welcome-mat-white-background-large.jpg,
emma-boys-lonely-ranger-welcome-mat,,,,,,,,,,,,,,,,,,,,,,,,http://assets.denydesigns.com/web-assets/welcome-mats/emma-boys-lonely-ranger-welcome-mat-lifestyle-small.jpg
emma-boys-lonely-ranger-welcome-mat,,,,,,,,,,,,,,,,,,,,,,,,http://assets.denydesigns.com/web-assets/welcome-mats/emma-boys-lonely-ranger-welcome-mat-lifestyle-large.jpg
emma-boys-lonely-ranger-welcome-mat,,,,,,,,,,,,,,,,,,,,,,,,http://assets.denydesigns.com/web-assets/welcome-mats/emma-boys-lonely-ranger-welcome-mat-corner-detail.jpg
emma-boys-lonely-ranger-welcome-mat,,,,,,,,,,,,,,,,,,,,,,,,http://assets.denydesigns.com/web-assets/welcome-mats/emma-boys-lonely-ranger-welcome-mat-corner-detail.jpg
emma-boys-lonely-ranger-throw-blanket,Emma Boys Lonely Ranger Throw Blanket,,DENY Emma Boys,Throw Blanket,"Emma Boys Lonely Ranger Throw Blanket,DENY Designs,at:lonely-ranger,ar:emma-boys,new-art,pc:Cream,sc:red,st:Modern,th:Western,ty:typography,accessories,throw-blanket,coupon,pmc:accessories,pro:throw-blanket,coupon2,throw-blankets,bed-bath,live,nonexclusive",TRUE,Size,"50"" x 60""",,,,,80342-wothbt,35833.768,,0,deny,manual,79.0,79.0,TRUE,TRUE,80342-wothbt,http://assets.denydesigns.com/web-assets/sherpa-blanket/emma-boys-lonely-ranger-throw-blanket-white.jpg,
emma-boys-lonely-ranger-throw-blanket,,,,,,,,,,,,,,,,,,,,,,,,http://assets.denydesigns.com/web-assets/sherpa-blanket/emma-boys-lonely-ranger-throw-blanket-lifestyle.jpg
emma-boys-lonely-ranger-wood-wall-mural,Emma Boys Lonely Ranger Wood Wall Mural,,DENY Emma Boys,Wood Wall Mural,"Emma Boys Lonely Ranger Wood Wall Mural,,at:lonely-ranger,ar:emma-boys,new-art,pc:Cream,sc:red,st:Modern,th:Western,ty:typography,wall,wood-wall-mural,coupon,pmc:wall,psc:wall-art,pro:wood-wall-mural,live,nonexclusive",TRUE,Size,"3' X 3' (Nine 12"" Wood Squares)",,,,,80342-wwmr01,90264.81,,0,deny,manual,199.0,199.0,TRUE,TRUE,80342-wwmr01,http://assets.denydesigns.com/web-assets/wall-mural-wood/emma-boys-lonely-ranger-wood-wall-mural-white-bg.jpg,
emma-boys-lonely-ranger-wood-wall-mural,Emma Boys Lonely Ranger Wood Wall Mural,,DENY Emma Boys,Wood Wall Mural,"Emma Boys Lonely Ranger Wood Wall Mural,,at:lonely-ranger,ar:emma-boys,new-art,pc:Cream,sc:red,st:Modern,th:Western,ty:typography,wall,wood-wall-mural,coupon,pmc:wall,psc:wall-art,pro:wood-wall-mural,live,nonexclusive",TRUE,Size,"4' x 4' (Nine 16"" Wood Squares)",,,,,80342-wwmr02,112944.408,,0,deny,manual,289.0,289.0,TRUE,TRUE,80342-wwmr02,http://assets.denydesigns.com/web-assets/wall-mural-wood/emma-boys-lonely-ranger-wood-wall-mural-white-bg.jpg,
emma-boys-lonely-ranger-wood-wall-mural,Emma Boys Lonely Ranger Wood Wall Mural,,DENY Emma Boys,Wood Wall Mural,"Emma Boys Lonely Ranger Wood Wall Mural,,at:lonely-ranger,ar:emma-boys,new-art,pc:Cream,sc:red,st:Modern,th:Western,ty:typography,wall,wood-wall-mural,coupon,pmc:wall,psc:wall-art,pro:wood-wall-mural,live,nonexclusive",TRUE,Size,"5' x 5' (Nine 20"" wood Squares)",,,,,80342-wwmr03,158303.608,,0,deny,manual,349.0,349.0,TRUE,TRUE,80342-wwmr03,http://assets.denydesigns.com/web-assets/wall-mural-wood/emma-boys-lonely-ranger-wood-wall-mural-white-bg.jpg,
emma-boys-lonely-ranger-wood-wall-mural,,,,,,,,,,,,,,,,,,,,,,,,http://assets.denydesigns.com/web-assets/wall-mural-wood/emma-boys-lonely-ranger-wood-wall-mural-small-lifestyle.jpg
emma-boys-lonely-ranger-wood-wall-mural,,,,,,,,,,,,,,,,,,,,,,,,http://assets.denydesigns.com/web-assets/wall-mural-wood/emma-boys-lonely-ranger-wood-wall-mural-medium-lifestyle.jpg
emma-boys-lonely-ranger-wood-wall-mural,,,,,,,,,,,,,,,,,,,,,,,,http://assets.denydesigns.com/web-assets/wall-mural-wood/emma-boys-lonely-ranger-wood-wall-mural-large-lifestyle.jpg
