1.	Error adding product image http://assets.denydesigns.com/web-assets/cutting-board-round/pimlada-phuapradit-wood-grain-chevron-2-cutting-board-round-lifestyle.jpg	65607	open	04/04/22
2.	Error adding product image http://assets.denydesigns.com/web-assets/cutting-board-round/pimlada-phuapradit-wood-grain-chevron-2-cutting-board-round-white-background.jpg	65607	open	04/04/22
3.	Error adding product image http://assets.denydesigns.com/web-assets/cutting-board-round/pimlada-phuapradit-wood-grain-chevron-2-cutting-board-round.jpg	65607	open	04/04/22
4.	Error updating product becky-bailey-province-in-rust-cutting-board-round	80788	open	04/04/22
5.	Error updating product big-nose-work-sneaky-baby-sloth-cutting-board-rectangle	66655	open	04/04/22
6.	Error updating product big-nose-work-sneaky-baby-sloth-cutting-board-square	66655	open	04/04/22
7.	Error updating product casey-rogers-rabbit-cutting-board-square	17141	open	04/04/22
8.	Error updating product cassia-beck-summertime-1-cutting-board-rectangle	66463	open	04/04/22
9.	Error updating product cassia-beck-summertime-1-cutting-board-square	66463	open	04/04/22
10.	Error updating product crystal-schrader-ocean-depths-cutting-board-square	67227	open	04/04/22
11.	Error updating product doodle-by-meg-capricorn-symbol-cutting-board-rectangle	78146	open	04/04/22
12.	Error updating product evamatise-terrazzo-pattern-ii-cutting-board-rectangle	76390	open	04/04/22
13.	Error updating product gale-switzer-into-the-jungle-ii-cutting-board-square	68262	open	04/04/22
14.	Error updating product holli-zollinger-thistle-seed-cutting-board-rectangle	68630	open	04/04/22
15.	Error updating product jacqueline-maldonado-christmas-chalkboard-cutting-board-square	70172	open	04/04/22
16.	Error updating product morgan-kendall-neon-cutting-board-rectangle	61389	open	04/04/22
17.	Error updating product nature-magick-palm-tree-summer-beach-pink-cutting-board-rectangle	70456	open	04/04/22
18.	Error updating product rachael-taylor-multi-arc-showers-cutting-board-rectangle	59853	open	04/04/22
19.	Error updating product rebecca-allen-easter-wings-cutting-board-square	50086	open	04/04/22
20.	Error updating product sabine-reinhart-christmas-ballad-cutting-board-rectangle	49791	open	04/04/22
21.	Error updating product sabine-reinhart-christmas-ballad-cutting-board-square	49791	open	04/04/22
22.	Error updating product sabine-reinhart-christmas-wreaths-cutting-board-rectangle	49787	open	04/04/22
23.	Error updating product sabine-reinhart-christmas-wreaths-cutting-board-square	49787	open	04/04/22
24.	Error updating product sabine-reinhart-flower-fields-cutting-board-rectangle	39439	open	04/04/22
25.	Error updating product sabine-reinhart-flower-fields-cutting-board-square	39439	open	04/04/22
26.	Error updating product sabine-reinhart-isle-of-flowers-cutting-board-rectangle	39436	open	04/04/22
27.	Error updating product sabine-reinhart-isle-of-flowers-cutting-board-square	39436	open	04/04/22
28.	Error updating product sabine-reinhart-lake-modern-cutting-board-rectangle	16992	open	04/04/22
29.	Error updating product sabine-reinhart-lake-modern-cutting-board-square	16992	open	04/04/22
30.	Error updating product sabine-reinhart-love-tapestry-cutting-board-rectangle	50147	open	04/04/22
31.	Error updating product sabine-reinhart-love-tapestry-cutting-board-square	50147	open	04/04/22
32.	Error updating product schatzi-brown-carrie-floral-lilac-cutting-board-square	79866	open	04/04/22
33.	Error updating product schatzi-brown-kilim-kind-1b-cutting-board-round	68062	open	04/04/22
34.	Error updating product stephanie-corfee-botanika-cutting-board-round	60556	open	04/04/22
35.	Error updating product valentina-ramos-ethnic-stripes-cutting-board-square	13513	open	04/04/22
1.	Error adding product image http://assets.denydesigns.com/web-assets/cutting-board-round/holli-zollinger-bogo-denim-mudcloth-light-cutting-board-round-lifestyle.jpg	63152	open	04/04/22
2.	Error adding product image http://assets.denydesigns.com/web-assets/cutting-board-round/holli-zollinger-bogo-denim-mudcloth-light-cutting-board-round-white-background.jpg	63152	open	04/04/22
3.	Error adding product image http://assets.denydesigns.com/web-assets/cutting-board-round/holli-zollinger-bogo-denim-mudcloth-light-cutting-board-round.jpg	63152	open	04/04/22
4.	Error updating product ali-gulec-owl-2-cutting-board-square	50616	open	04/04/22
5.	Error updating product anoellejay-easter-and-spring-cutting-board-rectangle	73787	open	04/04/22
6.	Error updating product cat-coquillette-japanese-seigaiha-marigold-cutting-board-rectangle	69953	open	04/04/22
7.	Error updating product elena-blanco-many-petals-cutting-board-square	60090	open	04/05/22
8.	Error updating product emanuela-carratoni-chevron-marble-texture-cutting-board-rectangle	65683	open	04/04/22
9.	Error updating product frank-moth-lost-in-the-17th-dimension-cutting-board-round	73290	open	04/05/22
10.	Error updating product hello-sayang-day-wild-flowers-cutting-board-rectangle	66169	open	04/04/22
11.	Error updating product hello-sayang-day-wild-flowers-cutting-board-round	66169	open	04/04/22
12.	Error updating product hello-sayang-day-wild-flowers-cutting-board-square	66169	open	04/04/22
13.	Error updating product kaleiope-studio-vibrant-pink-waves-cutting-board-rectangle	72705	open	04/04/22
14.	Error updating product kaleiope-studio-vibrant-pink-waves-cutting-board-round	72705	open	04/04/22
15.	Error updating product lisa-argyropoulos-happy-vibes-blushly-cutting-board-rectangle	65031	open	04/04/22
16.	Error updating product madisonsdesigns-fruit-smoothies-mandala-cutting-board-rectangle	72570	open	04/04/22
17.	Error updating product madisonsdesigns-fruit-smoothies-mandala-cutting-board-square	72570	open	04/04/22
18.	Error updating product mirimo-hot-hot-leaves-cutting-board-rectangle	69853	open	04/05/22
19.	Error updating product mirimo-hot-hot-leaves-cutting-board-square	69853	open	04/05/22
20.	Error updating product monika-strigel-1p-tweezy-lemonade-pastel-cutting-board-rectangle	70759	open	04/04/22
21.	Error updating product monika-strigel-1p-tweezy-lemonade-pastel-cutting-board-square	70759	open	04/04/22
22.	Error updating product rosie-brown-autumn-breezes-cutting-board-rectangle	75381	open	04/04/22
23.	Error updating product rosie-brown-autumn-breezes-cutting-board-round	75381	open	04/04/22
24.	Error updating product rosie-brown-autumn-breezes-cutting-board-square	75381	open	04/04/22
25.	Error updating product sabine-reinhart-always-yours-cutting-board-rectangle	50138	open	04/04/22
26.	Error updating product sabine-reinhart-always-yours-cutting-board-square	50138	open	04/04/22
27.	Error updating product sabine-reinhart-basanti-cutting-board-rectangle	16990	open	04/04/22
28.	Error updating product sabine-reinhart-basanti-cutting-board-square	16990	open	04/04/22
29.	Error updating product sabine-reinhart-enlightened-cutting-board-rectangle	15469	open	04/05/22
30.	Error updating product sabine-reinhart-enlightened-cutting-board-square	15469	open	04/05/22
31.	Error updating product sabine-reinhart-first-sunray-cutting-board-rectangle	39438	open	04/04/22
32.	Error updating product sabine-reinhart-first-sunray-cutting-board-square	39438	open	04/04/22
33.	Error updating product sabine-reinhart-go-on-an-adventure-cutting-board-rectangle	58121	open	04/04/22
34.	Error updating product sabine-reinhart-go-on-an-adventure-cutting-board-square	58121	open	04/04/22
35.	Error updating product sabine-reinhart-love-journey-cutting-board-rectangle	50146	open	04/04/22
36.	Error updating product sabine-reinhart-love-journey-cutting-board-square	50146	open	04/04/22
37.	Error updating product sabine-reinhart-royal-meadow-cutting-board-rectangle	15766	open	04/05/22
38.	Error updating product sabine-reinhart-royal-meadow-cutting-board-square	15766	open	04/05/22
39.	Error updating product sabine-reinhart-spring-fever-cutting-board-rectangle	15767	open	04/04/22
40.	Error updating product sabine-reinhart-spring-fever-cutting-board-square	15767	open	04/04/22
41.	Error updating product viviana-gonzalez-botanic-floral-5-cutting-board-round	68831	open	04/04/22
1.	Error adding product image http://assets.denydesigns.com/web-assets/cutting-board-rectangle/fimbis-leaves-autumn-cutting-board-rectangle-lifestyle.jpg	62540	open	04/04/22
2.	Error adding product image http://assets.denydesigns.com/web-assets/cutting-board-rectangle/fimbis-leaves-autumn-cutting-board-rectangle-white-background.jpg	62540	open	04/04/22
3.	Error adding product image http://assets.denydesigns.com/web-assets/cutting-board-rectangle/fimbis-leaves-autumn-cutting-board-rectangle.jpg	62540	open	04/04/22
4.	Error adding product image http://assets.denydesigns.com/web-assets/cutting-board-round/fimbis-leaves-autumn-cutting-board-round-white-background.jpg	62540	open	04/04/22
5.	Error updating product amy-sia-aurora-2-cutting-board-rectangle	14450	open	04/04/22
6.	Error updating product amy-sia-aurora-2-cutting-board-square	14450	open	04/04/22
7.	Error updating product amy-sia-love-xo-pink-cutting-board-rectangle	63059	open	04/04/22
8.	Error updating product barlena-plants-cutting-board-round	70783	open	04/04/22
9.	Error updating product beshka-kueser-fierce-peachy-pink-cutting-board-rectangle	76568	open	04/04/22
10.	Error updating product camilla-foss-seaweed-cutting-board-rectangle	75129	open	04/04/22
11.	Error updating product camilla-foss-seaweed-cutting-board-square	75129	open	04/04/22
12.	Error updating product caroline-okun-blue-zebra-safari-cutting-board-round	71726	open	04/04/22
13.	Error updating product coco-de-paris-rabbits-with-bubblegum-2-cutting-board-square	39350	open	04/04/22
14.	Error updating product colour-poems-color-block-abstract-xi-cutting-board-rectangle	74082	open	04/05/22
15.	Error updating product colour-poems-color-block-abstract-xi-cutting-board-square	74082	open	04/05/22
16.	Error updating product elisabeth-fredriksson-art-deco-dream-1-cutting-board-rectangle	62877	open	04/04/22
17.	Error updating product gale-switzer-sunset-palm-trees-cutting-board-square	69542	open	04/05/22
18.	Error updating product garima-dhawan-dogwood-14-cutting-board-square	74003	open	04/04/22
19.	Error updating product little-arrow-design-co-cadence-triangles-dark-green-cutting-board-rectangle	76558	open	04/04/22
20.	Error updating product marta-barragan-camarasa-wildness-abstract-brushstrokes-cutting-board-round	69523	open	04/04/22
21.	Error updating product mirimo-doves-terracotta-cutting-board-rectangle	80891	open	04/05/22
22.	Error updating product mirimo-doves-terracotta-cutting-board-round	80891	open	04/05/22
23.	Error updating product mirimo-doves-terracotta-cutting-board-square	80891	open	04/05/22
24.	Error updating product morgan-kendall-pink-milk-cutting-board-rectangle	60607	open	04/04/22
25.	Error updating product morgan-kendall-red-scribbles-cutting-board-square	62603	open	04/04/22
26.	Error updating product ninola-design-holiday-rain-cutting-board-square	68528	open	04/04/22
27.	Error updating product sabine-reinhart-as-time-goes-by-cutting-board-rectangle	15467	open	04/04/22
28.	Error updating product sabine-reinhart-as-time-goes-by-cutting-board-square	15467	open	04/04/22
29.	Error updating product sabine-reinhart-enchanted-journey-cutting-board-rectangle	50140	open	04/04/22
30.	Error updating product sabine-reinhart-enchanted-journey-cutting-board-square	50140	open	04/04/22
31.	Error updating product sabine-reinhart-feel-the-beat-cutting-board-rectangle	16996	open	04/04/22
32.	Error updating product sabine-reinhart-feel-the-beat-cutting-board-square	16996	open	04/04/22
33.	Error updating product sabine-reinhart-floral-morning-cutting-board-rectangle	50152	open	04/04/22
34.	Error updating product sabine-reinhart-floral-morning-cutting-board-square	50152	open	04/04/22
35.	Error updating product sabine-reinhart-into-the-sky-cutting-board-rectangle	15471	open	04/04/22
36.	Error updating product sabine-reinhart-into-the-sky-cutting-board-square	15471	open	04/04/22
37.	Error updating product sabine-reinhart-sajili-cutting-board-rectangle	15477	open	04/04/22
38.	Error updating product sabine-reinhart-sajili-cutting-board-square	15477	open	04/04/22
39.	Error updating product sarah-eisenlohr-walking-into-leaves-cutting-board-rectangle	72447	open	04/05/22
1.	Error adding product image http://assets.denydesigns.com/web-assets/cutting-board-square/aimee-st-hill-semera-blue-cutting-board-square-white-background.jpg	63891	open	04/04/22
2.	Error adding product image http://assets.denydesigns.com/web-assets/cutting-board-square/schatzi-brown-mud-cloth-5-taupe-cutting-board-square-lifestyle.jpg	76138	open	04/04/22
3.	Error adding product image http://assets.denydesigns.com/web-assets/cutting-board-square/schatzi-brown-mud-cloth-5-taupe-cutting-board-square-white-background.jpg	76138	open	04/04/22
4.	Error adding product image http://assets.denydesigns.com/web-assets/cutting-board-square/schatzi-brown-mud-cloth-5-taupe-cutting-board-square.jpg	76138	open	04/04/22
5.	Error updating product amy-sia-marbled-illusion-red-cutting-board-round	63054	open	04/04/22
6.	Error updating product casey-rogers-hare-multi-cutting-board-square	51138	open	04/04/22
7.	Error updating product catherine-mcdonald-sierra-sunrise-cutting-board-round	66117	open	04/04/22
8.	Error updating product catherine-mcdonald-sierra-sunrise-cutting-board-square	66117	open	04/04/22
9.	Error updating product colour-poems-color-block-abstract-viii-cutting-board-rectangle	74080	open	04/04/22
10.	Error updating product colour-poems-color-block-abstract-viii-cutting-board-square	74080	open	04/04/22
11.	Error updating product gale-switzer-succulent-splendour-cutting-board-square	68314	open	04/04/22
12.	Error updating product garima-dhawan-dancing-trees-violet-cutting-board-square	16495	open	04/04/22
13.	Error updating product garima-dhawan-fiesta-2-cutting-board-square	51680	open	04/05/22
14.	Error updating product hello-sayang-oh-snap-cutting-board-round	61592	open	04/05/22
15.	Error updating product hello-twiggs-columbia-cutting-board-rectangle	17244	open	04/04/22
16.	Error updating product hello-twiggs-columbia-cutting-board-square	17244	open	04/04/22
17.	Error updating product hello-twiggs-fall-layers-cutting-board-rectangle	52134	open	04/05/22
18.	Error updating product hello-twiggs-fall-layers-cutting-board-square	52134	open	04/05/22
19.	Error updating product krista-glavich-grasses-cutting-board-square	63424	open	04/05/22
20.	Error updating product monika-strigel-1p-within-the-tides-ballerina-cutting-board-square	70928	open	04/04/22
21.	Error updating product rose-beck-sticks-cutting-board-square	70706	open	04/04/22
22.	Error updating product sabine-reinhart-flowers-everywhere-cutting-board-rectangle	50153	open	04/04/22
23.	Error updating product sabine-reinhart-flowers-everywhere-cutting-board-square	50153	open	04/04/22
24.	Error updating product sabine-reinhart-flying-ducks-cutting-board-rectangle	15762	open	04/04/22
25.	Error updating product sabine-reinhart-flying-ducks-cutting-board-square	15762	open	04/04/22
26.	Error updating product sabine-reinhart-lost-in-love-cutting-board-rectangle	49803	open	04/04/22
27.	Error updating product sabine-reinhart-lost-in-love-cutting-board-square	49803	open	04/04/22
28.	Error updating product sabine-reinhart-sameena-red-cutting-board-rectangle	15478	open	04/04/22
29.	Error updating product sabine-reinhart-sameena-red-cutting-board-square	15478	open	04/04/22
30.	Error updating product valentina-ramos-lucy-flowers-cutting-board-square	57143	open	04/04/22
1.	Error adding product image http://assets.denydesigns.com/web-assets/cutting-board-rectangle/hello-sayang-la-mer-cutting-board-rectangle-lifestyle.jpg	61246	open	04/04/22
2.	Error adding product image http://assets.denydesigns.com/web-assets/cutting-board-rectangle/hello-sayang-la-mer-cutting-board-rectangle-white-background.jpg	61246	open	04/04/22
3.	Error adding product image http://assets.denydesigns.com/web-assets/cutting-board-rectangle/hello-sayang-la-mer-cutting-board-rectangle.jpg	61246	open	04/04/22
4.	Error updating product avenie-cheetah-spring-collection-i-cutting-board-square	75688	open	04/04/22
5.	Error updating product becky-bailey-mud-cloth-big-arrows-in-navy-cutting-board-square	68930	open	04/04/22
6.	Error updating product cassia-beck-pink-leaves-i-cutting-board-rectangle	68003	open	04/04/22
7.	Error updating product cassia-beck-pink-leaves-i-cutting-board-square	68003	open	04/04/22
8.	Error updating product crystal-schrader-sea-garden-cutting-board-round	66071	open	04/04/22
9.	Error updating product crystal-schrader-sea-garden-cutting-board-square	66071	open	04/04/22
10.	Error updating product garima-dhawan-lily-5-cutting-board-rectangle	69732	open	04/04/22
11.	Error updating product hello-sayang-mermaid-song-cutting-board-rectangle	64317	open	04/04/22
12.	Error updating product ingrid-beddoes-sweet-spring-bouquet-cutting-board-square	66923	open	04/04/22
13.	Error updating product iveta-abolina-copper-leaf-cutting-board-round	62871	open	04/04/22
14.	Error updating product mareike-boehmer-triangle-play-flowers-1-cutting-board-round	67897	open	04/04/22
15.	Error updating product monika-strigel-lily-rose-mermaid-silver-cutting-board-rectangle	62759	open	04/04/22
16.	Error updating product natalie-baca-hillside-cutting-board-rectangle	64824	open	04/04/22
17.	Error updating product sabine-reinhart-garden-parade-cutting-board-rectangle	50144	open	04/04/22
18.	Error updating product sabine-reinhart-garden-parade-cutting-board-square	50144	open	04/04/22
19.	Error updating product sabine-reinhart-i-will-bring-you-flowers-cutting-board-rectangle	39434	open	04/04/22
20.	Error updating product sabine-reinhart-i-will-bring-you-flowers-cutting-board-square	39434	open	04/04/22
21.	Error updating product sabine-reinhart-red-roses-cutting-board-rectangle	15476	open	04/04/22
22.	Error updating product sabine-reinhart-red-roses-cutting-board-square	15476	open	04/04/22
23.	Error updating product sabine-reinhart-sweety-cutting-board-rectangle	39591	open	04/05/22
24.	Error updating product sabine-reinhart-sweety-cutting-board-square	39591	open	04/05/22
25.	Error updating product sabine-reinhart-temptation-cutting-board-rectangle	50150	open	04/04/22
26.	Error updating product sabine-reinhart-temptation-cutting-board-square	50150	open	04/04/22
27.	Error updating product sabine-reinhart-toby-cutting-board-rectangle	15768	open	04/04/22
28.	Error updating product sabine-reinhart-toby-cutting-board-square	15768	open	04/04/22
29.	Error updating product sewzinski-wavy-lines-orange-peach-cutting-board-rectangle	79579	open	04/04/22
30.	Error updating product sewzinski-wavy-lines-orange-peach-cutting-board-square	79579	open	04/04/22
31.	Error updating product summer-sun-home-art-geo-yellow-cutting-board-rectangle	78007	open	04/04/22
